birthDate,playerID
1940-01-27,harpete01
1940-03-22,keonda01
1940-10-03,ratelje01
1942-02-20,esposph01
1943-04-23,esposto01
1944-03-14,nedomva01
1945-01-08,ellisro01
1945-01-29,stephwa01
1945-03-28,schmabo01
1945-06-24,cashmwa01
1945-09-08,vachoro01
1945-09-25,vadnaca01
1945-09-27,kearnde01
1945-11-10,smithal02
1945-12-09,libetni01
1945-12-18,pronoje01
1946-01-22,savarse01
1946-01-28,shmyrpa01
1946-02-26,doakga01
1946-10-10,mahovpe01
1946-11-20,murdobo01
1947-02-07,lonsbro01
1947-04-12,abrahth01
1947-04-15,marcodo01
1947-04-29,bernise01
1947-06-19,mckecwa01
1947-09-29,tkaczwa01
1947-10-05,edwarga01
1947-10-09,thomawa01
1947-12-07,ungerga01
1948-01-01,hartge01
1948-01-19,keaed01
1948-02-20,bouchpi01
1948-03-18,lapoigu01
1948-03-22,marksjo01
1948-03-28,ketolve01
1948-06-29,smithri01
1948-07-06,parkbr01
1948-07-10,reschgl01
1948-09-15,korabje01
1948-10-02,lucedo01
1948-10-28,drouiju01
1948-11-01,myreph01
1948-11-02,leyri01
1948-12-31,roberre01
1949-01-03,longba01
1949-01-11,sheehbo01
1949-01-11,burroda01
1949-01-24,charrgu01
1949-01-31,dudleri01
1949-02-17,rutheji01
1949-03-25,potvije01
1949-03-31,gilbegi01
1949-04-23,sheppgr01
1949-05-28,innesga01
1949-06-01,plassmi01
1949-06-12,tardima01
1949-07-08,hoganda01
1949-07-27,duponan01
1949-08-13,clarkbo01
1949-08-14,redmodi01
1949-08-15,boldiiv01
1949-08-26,stackro01
1949-10-17,wilsobe01
1949-10-22,gorinbu01
1949-10-25,houlere01
1949-11-29,labreyv01
1949-12-20,chrismi01
1950-01-03,macleri01
1950-01-19,bromlga01
1950-01-20,leflech01
1950-01-26,barrefr01
1950-01-26,hlinkiv01
1950-01-27,bublaji01
1950-04-13,crhaji01
1950-04-23,leachre01
1950-05-11,nilssul01
1950-05-20,lambeyv01
1950-05-28,thomper01
1950-06-07,graharo02
1950-06-21,lowro01
1950-07-12,melocgi01
1950-07-20,murrate01
1950-09-07,oddlech01
1950-09-12,murphmi01
1950-09-14,kindror01
1950-09-18,sittlda01
1950-09-24,malonda01
1950-09-29,edberro01
1950-09-30,brasape01
1950-11-13,perregi01
1950-11-25,kellybo01
1950-12-12,bouchda01
1950-12-12,smithbi01
1950-12-20,clemebi01
1950-12-22,fitchbo01
1951-02-25,hedbean01
1951-02-27,butleje01
1951-03-17,ramsacr01
1951-03-27,lalonbo01
1951-03-29,astroha01
1951-03-29,monahha01
1951-04-17,salmibo01
1951-04-21,vickest01
1951-05-05,lindswi01
1951-05-24,anderke01
1951-06-02,robinla01
1951-06-07,oreilte01
1951-06-09,labrada01
1951-06-17,garrejo01
1951-07-15,kehoeri01
1951-07-25,sullipe01
1951-07-26,martiri01
1951-08-03,dionnma01
1951-08-24,leducri01
1951-09-20,laflegu01
1951-09-23,novymi01
1951-09-24,ridlecu01
1951-10-11,dvorami01
1951-10-18,antonmi01
1951-11-18,hajtbi01
1951-12-04,helanpe01
1951-12-13,busnimi01
1952-01-02,ftorero01
1952-01-23,pouzaja01
1952-01-29,harribi02
1952-01-31,brackcu01
1952-02-22,hennilo01
1952-03-01,boutepa01
1952-03-07,mcilhja01
1952-03-16,macadal01
1952-03-17,weirst01
1952-04-06,larocmi01
1952-04-23,merriwa01
1952-05-02,hutchda01
1952-05-08,mcnabpe01
1952-05-22,prestri01
1952-05-25,fotiuni01
1952-06-06,hamelje01
1952-06-17,milbumi01
1952-06-18,herrode01
1952-06-24,millepe01
1952-06-30,baldehe01
1952-07-01,shuttst01
1952-07-06,kalluan01
1952-07-11,barbebi01
1952-07-21,russeph01
1952-07-23,nyropbi01
1952-08-19,watsoji02
1952-08-22,ferguge01
1952-08-25,veisomi01
1952-09-04,schoeji01
1952-09-15,broderi01
1952-09-16,hamelpi01
1952-09-26,howatga01
1952-10-07,richaja01
1952-10-10,nystrbo01
1952-10-12,lindgla01
1952-11-14,leverdo01
1952-11-20,vanbojo01
1952-12-03,macmibo01
1952-12-19,policmi01
1952-12-29,bladoto01
1953-01-08,stastma01
1953-01-15,holtra01
1953-01-22,youngto01
1953-01-28,campbco01
1953-02-09,savaran01
1953-02-16,mcdonla01
1953-02-16,stlauan01
1953-02-16,rotada01
1953-02-22,hangsal01
1953-02-27,davidjo01
1953-03-13,stougbl01
1953-03-19,pateyla01
1953-03-30,vervede01
1953-03-31,lanego01
1953-04-01,wensijo01
1953-04-04,dunlobl01
1953-04-06,bolduda01
1953-04-18,simsal01
1953-04-22,lysiato01
1953-04-26,goldugl01
1953-05-03,dailebo01
1953-05-15,callibr01
1953-05-15,hickepa01
1953-05-16,augele01
1953-06-03,cernifr01
1953-07-03,lewisda01
1953-07-04,chalumi01
1953-07-09,macgrra01
1953-07-25,rautape01
1953-08-12,foxgr01
1953-08-24,barneno01
1953-08-25,lorimbo01
1953-08-25,talafde01
1953-09-15,houstke01
1953-09-16,vailer01
1953-10-29,potvide01
1953-11-02,meaghri01
1953-11-17,macdobl01
1953-11-24,lylege01
1953-12-04,polonde01
1953-12-04,middlri01
1953-12-13,gainebo01
1953-12-20,songito01
1953-12-22,turnbia01
1953-12-29,alleyst01
1954-01-01,millewa01
1954-01-05,durisvi01
1954-01-12,sobchde01
1954-01-13,palmami01
1954-01-19,porvaju01
1954-01-20,hisloja01
1954-01-29,risebdo01
1954-01-31,mioed01
1954-02-03,williti01
1954-02-08,sargega01
1954-02-11,dionmi01
1954-02-12,sturgpe01
1954-02-18,howema02
1954-03-02,johnsed02
1954-03-17,hopkila01
1954-03-18,hughejo01
1954-03-18,valiqja01
1954-03-19,isaksul01
1954-03-20,simmech01
1954-03-28,chippro01
1954-04-07,gillicl01
1954-04-16,zukemi01
1954-04-20,lupiegi01
1954-04-26,ribblpa01
1954-05-02,evansjo01
1954-05-03,kempke01
1954-05-03,moorero01
1954-05-05,afflebr01
1954-05-14,gareda01
1954-05-15,langeda01
1954-05-23,loprepe01
1954-05-30,jolygr01
1954-06-03,weirwa01
1954-06-09,paddojo01
1954-06-21,bournbo01
1954-06-25,lessama01
1954-07-02,loganda01
1954-07-13,chartri01
1954-07-31,smithde02
1954-08-10,connoca01
1954-08-15,stoltro01
1954-08-23,carlsja01
1954-09-01,lumleda01
1954-09-24,manerkr01
1954-09-27,bathefr01
1954-10-22,leggeba01
1954-10-22,sedlbro01
1954-10-24,snepsha01
1954-10-24,rogermi01
1954-10-24,michejo01
1954-10-27,driscpe01
1954-11-19,lemelre01
1954-11-26,murrabo02
1954-12-02,faubema01
1954-12-06,larivga01
1954-12-09,devinke01
1954-12-22,grescro01
1954-12-22,perssst01
1954-12-31,ruskote01
1955-01-02,backmmi01
1955-01-03,stcrori01
1955-01-03,primeke01
1955-01-09,boudrbr01
1955-01-16,burnsga01
1955-01-25,bowneri01
1955-01-27,engblbr01
1955-01-28,nechavi01
1955-02-07,fogolle02
1955-02-11,harripa01
1955-02-12,anderru01
1955-02-13,clackki01
1955-02-22,youngti01
1955-03-01,mulheri01
1955-03-08,ashbydo01
1955-03-24,jarvido01
1955-03-24,pricepa01
1955-03-25,hughepa01
1955-03-25,bullete01
1955-04-06,berglbo02
1955-04-12,woodspa01
1955-04-14,jensest01
1955-04-16,fontajo01
1955-04-21,soetado01
1955-04-22,hillal01
1955-04-25,smithba01
1955-04-28,steenan01
1955-04-28,bridgme01
1955-05-03,lambydi01
1955-05-06,bothwti01
1955-05-17,laroscl02
1955-05-19,hessbo01
1955-05-21,kiessud01
1955-05-28,wilsoro02
1955-05-28,hicksdo01
1955-05-28,howema01
1955-05-30,heinzri01
1955-06-07,plettwi01
1955-06-17,sauvebo01
1955-07-07,stanied01
1955-07-08,smithgr01
1955-07-15,leinomi01
1955-07-27,hoffmbo01
1955-08-02,lapoiri01
1955-08-04,lundhbe01
1955-09-03,delorro01
1955-09-05,jonatst01
1955-09-07,middlli01
1955-09-07,maxwebr02
1955-09-15,klassra01
1955-09-21,hagmama01
1955-09-24,levota01
1955-09-28,edwardo01
1955-10-02,brownja01
1955-10-16,paiemwi01
1955-10-17,blighri01
1955-10-21,cameral01
1955-10-25,martite01
1955-10-28,baxtepa01
1955-10-30,hanseri01
1955-11-01,halwado01
1955-11-08,morriga01
1955-11-09,hawryne01
1955-11-10,hollake01
1955-11-16,laroupi01
1955-11-17,marukde01
1955-11-17,giroupi01
1955-11-25,oconnmi01
1955-11-27,mondopi01
1955-12-02,holmgpa01
1955-12-04,tayloda01
1955-12-15,norwicr01
1955-12-31,mcadaga01
1956-01-02,leepe01
1956-01-07,liutmi01
1956-01-11,youngwa01
1956-02-01,kitchmi01
1956-02-06,flockro01
1956-02-09,trembma02
1956-02-16,macguga01
1956-02-18,gradith01
1956-02-19,greggra01
1956-02-20,greenri01
1956-02-27,kaszymi01
1956-02-29,eloraka01
1956-03-05,gardnpa01
1956-03-07,hothagr01
1956-03-08,malongr01
1956-03-10,markejo01
1956-03-25,schofdw01
1956-03-27,debolda01
1956-04-06,blakemi02
1956-04-19,carlyra01
1956-04-25,melinro01
1956-04-27,hakanan01
1956-05-07,molinla01
1956-05-07,cassoto01
1956-05-12,federbe01
1956-05-13,wilsoro03
1956-05-23,roweto01
1956-05-28,bailere01
1956-06-01,lukowmo01
1956-06-10,eavesmi01
1956-06-13,chapmbl01
1956-06-14,prestyv01
1956-06-21,saundbe01
1956-06-30,tudorro01
1956-07-11,pettejo01
1956-07-15,melroba01
1956-07-17,trottbr01
1956-07-22,skidmpa01
1956-07-28,schamke01
1956-07-30,larsore01
1956-07-30,cloutre01
1956-07-31,malonda02
1956-08-01,farrida01
1956-08-08,risslga01
1956-08-10,mcewemi01
1956-08-11,shandda01
1956-08-19,fidlemi01
1956-08-31,zanusro01
1956-08-31,nilsske01
1956-09-02,jacksdo02
1956-09-06,sharpgl01
1956-09-10,palmero02
1956-09-10,vautoyv01
1956-09-15,johnsbe01
1956-09-17,mulvegr01
1956-09-18,stastpe01
1956-09-23,bonarda01
1956-09-28,millebo01
1956-10-07,suttebr01
1956-10-10,davisma01
1956-10-13,schutro01
1956-10-17,morroke01
1956-10-20,chouigu01
1956-10-25,murdodo01
1956-10-26,walshji01
1956-10-31,mannobo01
1956-11-06,legricl01
1956-11-17,simpsbo01
1956-11-21,mckenal01
1956-11-27,regieda01
1956-11-29,bakerbi01
1956-12-21,marshpe01
1957-01-07,janasst01
1957-01-12,vaskori01
1957-01-18,gillije01
1957-01-18,hamilji01
1957-01-22,bossymi01
1957-01-26,mccouda01
1957-01-27,marinhe01
1957-01-28,napiema01
1957-01-29,contijo01
1957-02-04,banduje01
1957-02-04,coryro01
1957-02-05,duponno01
1957-02-14,jamesva01
1957-02-17,hendear01
1957-02-18,holmewa01
1957-02-20,hanlogl01
1957-02-26,mullejo01
1957-03-11,gorento01
1957-03-23,toneljo01
1957-03-25,crowdbr01
1957-03-28,anderjo01
1957-03-30,johantr01
1957-04-02,fostedw01
1957-04-05,sommero01
1957-04-11,sevigri01
1957-04-16,crombmi01
1957-04-21,lofthma01
1957-04-24,labatne01
1957-04-26,hansoke01
1957-04-27,bannemu01
1957-04-30,zaharmi01
1957-04-30,wallipe01
1957-04-30,parroda01
1957-05-02,stoyast01
1957-05-03,coteal01
1957-05-03,ihnacpe01
1957-05-03,langwro01
1957-05-06,bakerst01
1957-05-10,harreti01
1957-05-11,tebbugr01
1957-05-12,dunnri01
1957-05-18,janecbo01
1957-05-20,hoydada01
1957-05-25,picarro02
1957-05-31,craigji01
1957-06-01,kamppha01
1957-06-03,berrydo01
1957-06-03,beckba01
1957-06-12,holdema01
1957-06-21,deblolu01
1957-06-22,campbsc01
1957-06-25,millegr01
1957-06-28,nethela01
1957-07-05,wilsodo01
1957-07-06,duguaro01
1957-07-08,maxwebr01
1957-07-12,semenda01
1957-07-14,mccarke01
1957-07-20,hugheja02
1957-07-23,loobpe01
1957-07-24,ocallja01
1957-07-28,kornji01
1957-07-30,mattsma01
1957-08-17,peetepe01
1957-08-27,gladnbo01
1957-09-02,gouldbo01
1957-09-02,smaildo01
1957-09-10,hollaro01
1957-09-16,dwyermi01
1957-09-19,poulida01
1957-09-19,laughcr01
1957-09-20,forbemi01
1957-09-22,johnsma02
1957-09-23,giallma01
1957-10-02,robergo01
1957-10-06,stewabi01
1957-10-15,saganro01
1957-10-16,kerrre01
1957-10-31,daviski01
1957-11-06,boutiro01
1957-11-12,currito01
1957-11-16,hayekpe01
1957-11-20,roulsto01
1957-11-23,piercra01
1957-11-29,sullibo01
1957-12-15,maroima01
1957-12-15,seiliri01
1957-12-15,baronno01
1958-01-01,silkda01
1958-01-01,hunteda01
1958-01-05,hrdinji01
1958-01-07,keansdo01
1958-01-09,mcclaro01
1958-01-09,lowdedw01
1958-01-12,frasecu01
1958-01-13,nicolgr01
1958-01-15,huberwi01
1958-01-17,bernhti01
1958-01-20,dougljo01
1958-01-23,chrisst01
1958-01-24,geoffda01
1958-01-26,tayloma01
1958-01-28,smylst01
1958-01-29,cochrgl01
1958-02-03,kirtoma01
1958-02-07,higgiti01
1958-02-09,nilanch01
1958-02-10,paterri01
1958-02-11,dorean01
1958-02-12,smithbo01
1958-02-15,peterbr01
1958-02-15,mckegto01
1958-02-19,parenbo01
1958-02-23,meredgr01
1958-02-24,brubaje01
1958-02-24,couliti01
1958-02-28,pavelma02
1958-02-28,johnsja01
1958-03-03,secoral01
1958-03-09,maclepa01
1958-03-09,hallima01
1958-03-10,lecuydo01
1958-03-11,lozinla01
1958-03-18,mcdonge01
1958-03-23,gustabe01
1958-03-28,franclo01
1958-03-30,gustape01
1958-03-31,marshbr01
1958-04-07,nolante01
1958-04-07,mccarda01
1958-04-08,davidri01
1958-04-11,nillji01
1958-04-13,smithbr03
1958-04-15,laidlto01
1958-04-15,actonke01
1958-04-20,fetisvi01
1958-04-23,waltery01
1958-04-30,mcdoumi01
1958-05-04,landola01
1958-05-14,tambest01
1958-05-19,watsoda01
1958-05-30,jarviwe01
1958-06-06,babycwa01
1958-06-19,makarse01
1958-06-22,turnede01
1958-06-23,playfla01
1958-06-30,frieska01
1958-06-30,froesbo01
1958-06-30,weeksst01
1958-07-01,barrejo01
1958-07-02,mcphege01
1958-07-10,sinisil01
1958-07-18,currigl01
1958-07-26,berglbo01
1958-07-26,wappego01
1958-07-29,camerda01
1958-08-05,walkeho01
1958-08-08,kaareja01
1958-08-11,linseke01
1958-08-15,mactacr01
1958-08-15,kellgch01
1958-08-16,paynest01
1958-08-17,garnero01
1958-08-19,sutteda01
1958-08-19,waddedo01
1958-08-25,derlabi01
1958-08-28,hicksgl01
1958-09-05,malondo01
1958-09-10,feamsda01
1958-09-15,quennjo01
1958-09-27,malinme01
1958-09-27,mulvepa01
1958-10-02,youngbr01
1958-10-06,mylnise01
1958-10-15,hindmda01
1958-10-18,samuekj01
1958-10-23,sleiglo01
1958-10-27,maclebr01
1958-10-27,minorge01
1958-10-31,siltari01
1958-11-04,friesro01
1958-11-06,mackipa01
1958-11-27,jenseal01
1958-11-27,kotsoch01
1958-11-28,johnste01
1958-11-30,gilescu01
1958-12-01,gillimi01
1958-12-04,starise01
1958-12-05,francbo01
1958-12-17,poulida02
1958-12-19,wilsobe02
1959-01-06,crowdke01
1959-01-11,ramagro01
1959-01-19,carrobi01
1959-01-29,foligmi01
1959-01-30,ingarea02
1959-01-30,nachbdo01
1959-02-01,hardyma01
1959-02-09,hospoed01
1959-02-13,gingrga01
1959-02-13,hampsgo01
1959-02-15,proppbr01
1959-02-16,stlausa01
1959-02-21,renauma01
1959-02-28,dilloga01
1959-03-01,brownje01
1959-03-03,ellacke01
1959-03-04,allisra01
1959-03-09,turnbpe01
1959-03-18,sykesph01
1959-03-27,daleypa01
1959-03-29,mccribr01
1959-04-04,lupulga01
1959-04-06,crawfbo01
1959-04-08,javanar01
1959-04-08,merkogl01
1959-04-08,baronma01
1959-04-11,lacropi01
1959-04-12,fischro01
1959-04-14,allisda01
1959-04-15,neufera01
1959-04-15,loweke01
1959-04-17,mannji01
1959-05-01,conacpa01
1959-05-12,chrisda01
1959-05-14,vaiveri01
1959-05-18,fridgda01
1959-05-18,wellsja01
1959-05-18,rausser01
1959-05-24,lindbpe01
1959-05-25,wamslri01
1959-05-26,riggipa01
1959-06-01,boisvse01
1959-06-02,gibsojo01
1959-06-02,huddych01
1959-06-03,riccini01
1959-06-06,laskoga01
1959-06-06,hopkide01
1959-06-15,sprindo01
1959-06-18,yatesro01
1959-06-20,ogrodjo01
1959-06-21,martist01
1959-06-23,tredwbr01
1959-06-29,suikkka01
1959-06-29,hartscr01
1959-07-10,weslebl01
1959-07-25,watteti01
1959-07-29,grahadi01
1959-08-01,roberge02
1959-08-05,stastan01
1959-08-12,stileto01
1959-08-14,plantma01
1959-08-17,leviecr01
1959-08-21,millepa01
1959-08-24,sampsga01
1959-08-28,wheltbi01
1959-08-29,sullido01
1959-08-31,mongrbo01
1959-09-03,thebegr01
1959-09-06,rootbi01
1959-09-13,gruhlsc01
1959-09-18,kisioke01
1959-09-22,poczaha01
1959-09-27,frycemi01
1959-09-28,trimpti01
1959-10-01,pageapa01
1959-10-08,blumjo01
1959-10-12,beersed01
1959-10-14,kasatal01
1959-10-16,eriksth01
1959-10-21,trembvi01
1959-10-23,wolfbe01
1959-10-29,gartnmi01
1959-10-31,nasluma01
1959-11-08,chornma01
1959-11-15,kellyjo01
1959-11-19,bourgch01
1959-11-21,jenkide01
1959-11-27,langech01
1959-11-29,gagejo01
1959-11-29,brotene01
1959-12-11,richmst01
1959-12-22,fentopa01
1959-12-26,attwebo01
1959-12-26,orlesda01
1960-01-03,cloutja01
1960-01-05,kerrti01
1960-01-06,jalonka01
1960-01-06,reinhpa01
1960-01-16,kleinsc01
1960-01-18,blaismi01
1960-01-23,sauveje01
1960-01-24,reedsma01
1960-01-25,odwyebi01
1960-02-01,morrido02
1960-02-01,jacksji01
1960-02-02,norwole01
1960-02-04,picheda01
1960-02-06,jolyyv01
1960-02-08,ciccadi01
1960-02-09,sheehne01
1960-02-11,nigrofr01
1960-02-14,podduwa01
1960-02-15,cloutre02
1960-02-17,ruffli01
1960-02-18,moogan01
1960-02-21,melnyla01
1960-02-26,knickri01
1960-02-29,daousda01
1960-02-29,dobsoji01
1960-03-01,brownji01
1960-03-07,erickbr01
1960-03-15,gavinst01
1960-03-16,suttedu01
1960-03-17,smithst03
1960-03-18,gardnbi01
1960-03-18,hamelgi01
1960-03-18,carbogu01
1960-03-22,skorowa01
1960-03-30,maxweke01
1960-03-30,hillira01
1960-03-31,brumwmu01
1960-03-31,mctagji01
1960-04-01,ruotsre01
1960-04-01,johnsbr01
1960-04-08,richtda01
1960-04-09,howsosc01
1960-04-10,willigo01
1960-04-12,jonssto01
1960-04-15,mccrebi02
1960-04-15,aubrypi01
1960-04-21,goulemi01
1960-04-23,juliecl01
1960-04-24,veitcda01
1960-04-27,krushmi01
1960-04-29,fenyvda01
1960-05-01,willaro01
1960-05-02,terrigr01
1960-05-04,rundqth01
1960-05-05,robidfl01
1960-05-06,brownke02
1960-05-10,eavesmu01
1960-05-11,patteco01
1960-05-18,kurrija01
1960-05-18,ashtobr01
1960-05-18,foxji01
1960-05-27,crawfbo02
1960-05-27,therrga01
1960-05-27,jenseda02
1960-05-30,tealje01
1960-05-31,adamsgr01
1960-06-01,krutovl01
1960-06-04,boschla01
1960-06-05,lundbbr01
1960-06-05,hidian01
1960-06-08,steenth01
1960-06-12,mandida01
1960-06-21,berryke01
1960-06-25,paterjo01
1960-06-25,haywabr01
1960-06-28,melanro01
1960-06-30,crossdo01
1960-06-30,ladoura01
1960-07-03,loobha01
1960-07-12,beadlsa01
1960-07-14,mcphemi01
1960-07-16,milleja02
1960-07-17,caufija01
1960-07-21,scottro01
1960-07-26,aubinno01
1960-07-28,leaviji01
1960-07-31,hunteda02
1960-07-31,mccarto02
1960-08-02,poolepa01
1960-08-28,coopeed01
1960-08-29,tooketi01
1960-09-01,haworal01
1960-09-07,marshpa01
1960-09-07,pasekdu01
1960-09-10,hunteti01
1960-09-21,barnebl01
1960-10-02,andergl01
1960-10-02,kitchbi01
1960-10-07,fitzpro01
1960-10-10,kleiste01
1960-10-10,flockro02
1960-10-13,loweda01
1960-10-18,lidstdo01
1960-10-24,pepliji01
1960-11-04,libaig01
1960-11-14,broteaa01
1960-11-19,dineepe01
1960-11-21,carsoli01
1960-11-25,carlsan01
1960-11-26,bozekst01
1960-11-30,barrda01
1960-12-03,ramsemi01
1960-12-03,larioig01
1960-12-11,eldeban01
1960-12-18,brookbo01
1960-12-24,gilledo01
1960-12-28,bourqra01
1961-01-02,campbwa01
1961-01-03,britzgr01
1961-01-03,laferri01
1961-01-05,mcraeba01
1961-01-07,buskaro01
1961-01-07,thelvmi01
1961-01-09,wiemeji01
1961-01-11,behrema01
1961-01-12,evansda01
1961-01-13,hrudeke01
1961-01-18,messima01
1961-01-21,manthmo01
1961-01-23,pryorch01
1961-01-23,blomqti01
1961-01-26,gretzwa01
1961-01-28,rocheno01
1961-01-28,speerte01
1961-02-02,pennest01
1961-02-04,patrist01
1961-02-04,cyrde01
1961-02-04,savarde01
1961-02-09,lauenmi01
1961-02-10,konrost01
1961-02-11,wardjo01
1961-02-11,stefagr01
1961-02-13,crawfma01
1961-02-15,chartda01
1961-03-01,galarmi01
1961-03-05,fridati01
1961-03-06,arthufr01
1961-03-07,kumpema01
1961-03-08,murphla01
1961-03-10,bullami01
1961-03-12,fuscoma01
1961-03-13,goddeer01
1961-03-13,pederba01
1961-03-13,boldumi01
1961-03-13,lehtope01
1961-03-15,ludwicr01
1961-03-27,solheke01
1961-03-28,allismi01
1961-03-30,wickedo01
1961-03-30,thelima01
1961-04-03,bellane01
1961-04-04,whistro01
1961-04-05,dietrdo01
1961-04-19,leiteke01
1961-04-20,micalco01
1961-04-22,masonbo01
1961-04-23,callajo01
1961-04-23,chevral01
1961-04-29,shedddo01
1961-05-01,malarcl01
1961-05-01,floydla01
1961-05-03,jenseda01
1961-05-05,adamru01
1961-05-09,nienhkr01
1961-05-10,cunnera01
1961-05-11,mcdonjo01
1961-05-14,vigneal01
1961-05-16,bartero01
1961-05-19,vandowa01
1961-05-23,babycda01
1961-05-24,lemieal01
1961-05-25,grahapa01
1961-05-28,bodakbo01
1961-05-29,damouma01
1961-05-31,cotera01
1961-06-01,coffepa01
1961-06-02,bjugssc01
1961-06-02,sylvedo01
1961-06-06,archiji01
1961-06-16,larmest01
1961-06-21,melaman01
1961-06-22,gatzost01
1961-06-24,nichobe01
1961-06-30,fausste01
1961-07-02,hagglro01
1961-07-05,bidneto01
1961-07-13,terrybi01
1961-07-24,mayerpa01
1961-08-02,roberto01
1961-08-09,hamwama01
1961-08-09,brickan01
1961-08-13,osborma01
1961-08-14,horavmi01
1961-08-15,yaremga01
1961-08-17,macouja01
1961-08-25,tippeda01
1961-08-25,paslagr01
1961-08-27,botelma01
1961-08-31,phairly01
1961-09-04,hachble01
1961-09-14,palmebr01
1961-09-16,lanzri01
1961-09-16,lavalke01
1961-09-17,ludvija01
1961-09-19,beaupdo01
1961-09-22,fordbr01
1961-09-28,kaspest01
1961-10-14,anderpe01
1961-10-14,dunbada01
1961-10-18,johanjo01
1961-10-29,ottojo01
1961-11-14,seppajy01
1961-11-19,ledyagr01
1961-11-26,hannada01
1961-11-26,eliotda01
1961-12-05,mailhja01
1961-12-06,feltrto01
1961-12-06,valench01
1961-12-14,sundspa01
1961-12-14,sundspe01
1961-12-17,leeed01
1961-12-19,krentda01
1961-12-29,oregato01
1962-01-06,verstle01
1962-01-11,carlske01
1962-01-13,higgipa01
1962-01-14,boimifr01
1962-01-22,gilbegr01
1962-01-23,boydra01
1962-01-25,chelich01
1962-01-29,curtato01
1962-02-01,riouxpi01
1962-02-02,donneda01
1962-02-04,moffami01
1962-02-06,gagnepa01
1962-02-07,turnbra01
1962-02-10,velisra01
1962-02-15,wilsomi01
1962-02-15,johangl01
1962-02-15,kylloma01
1962-02-17,magnama01
1962-02-18,lemaymo01
1962-02-21,duponje01
1962-02-22,stothmi01
1962-03-02,summara01
1962-03-02,anderpe02
1962-03-03,gaulije01
1962-03-03,volcami01
1962-03-05,semenan01
1962-03-06,bourbda01
1962-03-06,mayda01
1962-03-07,loustro01
1962-03-07,mckense01
1962-03-13,martigr01
1962-03-13,skrikpe01
1962-03-16,mullebr01
1962-03-26,mohermi01
1962-03-29,caseyjo01
1962-03-31,fletcst01
1962-04-03,walshmi01
1962-04-03,ludzist01
1962-04-05,donnego01
1962-04-08,newbejo01
1962-04-12,perlifr01
1962-04-15,schrewa01
1962-04-17,gealebo01
1962-04-19,mccutda01
1962-04-27,mcgilbo01
1962-04-29,jelinto01
1962-04-29,drivebr01
1962-04-29,servige01
1962-05-02,caprifr01
1962-05-08,pavesji01
1962-05-11,lenarti01
1962-05-18,chabojo01
1962-05-18,michada01
1962-05-19,wilsoca01
1962-05-22,pelenpe01
1962-05-25,nattrri01
1962-06-01,talakro01
1962-06-02,frawlda01
1962-06-08,bourqph01
1962-06-09,tuttbr01
1962-06-10,suttebr02
1962-06-12,morrida01
1962-06-16,ferguto01
1962-06-16,mollemi01
1962-06-17,wilsori02
1962-06-23,takkoka01
1962-06-28,roonest01
1962-07-04,mccleke01
1962-07-08,erixoja01
1962-07-10,laforma01
1962-07-11,duchega01
1962-07-18,jalori01
1962-07-19,municr01
1962-07-22,sejbaji01
1962-07-31,murratr01
1962-08-04,tanguch01
1962-08-09,johnsji02
1962-08-16,schlian01
1962-08-18,courtge01
1962-08-20,nordmro01
1962-08-22,lamoumi01
1962-08-22,zaniemi01
1962-08-22,mackesh01
1962-08-23,healygl01
1962-08-27,oatesad01
1962-09-11,camazto01
1962-09-11,simonfr01
1962-09-14,kurveto01
1962-09-17,arniesc01
1962-09-21,dineego01
1962-09-21,hiemeul01
1962-09-22,mokosca01
1962-09-26,bergqjo01
1962-09-28,eakinbr01
1962-09-28,fuhrgr01
1962-09-29,daskacl01
1962-10-01,brennda01
1962-10-06,scrutho01
1962-10-10,romanro01
1962-10-12,brownda01
1962-11-05,crawflo01
1962-11-09,bucykra01
1962-11-10,larmeje01
1962-11-12,huntema01
1962-11-13,orlanga01
1962-11-14,gronsja01
1962-11-19,ihnacmi01
1962-11-23,anholda01
1962-11-24,cavalgi01
1962-11-25,delorgi01
1962-12-01,staszra01
1962-12-01,dykstst01
1962-12-02,stanlda01
1962-12-09,dowiebr01
1962-12-14,dahlqch01
1963-01-02,coultne01
1963-01-05,maguike01
1963-01-08,butchga01
1963-01-10,leveino01
1963-01-15,handyro01
1963-01-18,kennede01
1963-01-24,schmino01
1963-01-27,hirscto01
1963-02-01,kortkro01
1963-02-02,dahlikj01
1963-02-02,byakiil01
1963-02-06,houghmi01
1963-02-06,gordosc01
1963-02-10,mclelsc01
1963-02-13,dufoulu01
1963-02-14,saarisi01
1963-02-15,dallmma01
1963-02-20,kharise01
1963-02-21,duggake01
1963-02-23,kostydo01
1963-02-24,vernomi01
1963-02-25,chishco01
1963-02-26,hoffmmi01
1963-03-01,habscma01
1963-03-01,svensma01
1963-03-01,vilgrcl01
1963-03-01,francro01
1963-03-02,dorioda01
1963-03-03,milleke01
1963-03-03,zemlari01
1963-03-04,thibagi01
1963-03-07,eaglemi01
1963-03-08,lalormi01
1963-03-10,kulakst01
1963-03-11,morrima01
1963-03-17,thornto01
1963-03-22,eklunpe01
1963-03-22,virtaha01
1963-03-23,roupema01
1963-03-27,lanthje01
1963-04-04,smithst04
1963-04-04,hawerda01
1963-04-06,sandsmi01
1963-04-08,mcfalda01
1963-04-13,mcgeoji01
1963-04-14,macdepa01
1963-04-16,defazde01
1963-04-16,gallega01
1963-04-20,verrecl01
1963-04-24,maleyda01
1963-04-29,benniji01
1963-04-30,smithst05
1963-05-03,cartejo01
1963-05-03,boutipa01
1963-05-08,zombori01
1963-05-09,stronke01
1963-05-09,cireljo01
1963-05-12,mathidw01
1963-05-17,smithdo03
1963-05-18,mcsorma01
1963-05-19,jarveha01
1963-05-19,laforbo01
1963-05-26,meighro01
1963-05-29,loisecl01
1963-06-02,evansdo01
1963-06-02,eatouje01
1963-06-06,ruzicvl01
1963-06-13,gilhera01
1963-06-14,patrija01
1963-06-15,gossema01
1963-06-15,strueto01
1963-06-25,gilmodo01
1963-06-26,caldeer01
1963-06-27,costeri01
1963-06-27,hollobr01
1963-06-29,sidorpe01
1963-07-07,tradela01
1963-07-08,ridlemi01
1963-07-08,mcdonhu01
1963-07-11,macinal01
1963-07-11,bergeto01
1963-07-13,carpebo01
1963-07-15,thomast01
1963-07-19,tueral01
1963-07-31,skrudbr01
1963-08-01,youngwe01
1963-08-04,duncaia01
1963-08-05,siltami01
1963-08-12,houckpa01
1963-08-15,taglipe01
1963-08-15,adamsgr02
1963-08-16,hepplal01
1963-08-20,cronish01
1963-08-21,shervgo01
1963-08-22,hammoke01
1963-08-23,mollera01
1963-08-27,gaumeda01
1963-09-01,degrada01
1963-09-01,chernri01
1963-09-02,gallage01
1963-09-02,guaypa01
1963-09-04,vanbijo01
1963-09-07,mokosjo01
1963-09-07,tantito01
1963-09-17,cichoch01
1963-09-17,darkmi01
1963-09-21,loneytr01
1963-09-29,andreda01
1963-10-02,hryneti01
1963-10-03,flatlpa01
1963-10-10,donnemi01
1963-10-11,harlosc01
1963-10-12,woodra01
1963-10-28,ganchpe01
1963-10-28,jensech01
1963-10-28,nylunga01
1963-10-28,dineeke01
1963-10-31,cyrpa01
1963-11-04,heidtmi01
1963-11-05,currabr01
1963-11-12,kravemi01
1963-11-29,natysmi01
1963-12-02,mcmurto01
1963-12-02,sutteri01
1963-12-02,suttero01
1963-12-07,priakse01
1963-12-10,kontoch01
1963-12-11,michepa01
1963-12-12,rucinmi01
1963-12-24,jutilti01
1963-12-30,emmonga01
1963-12-31,gillipa01
1964-01-01,yaremke01
1964-01-03,posavmi01
1964-01-05,camazja01
1964-01-06,gossegu01
1964-01-10,clarkde01
1964-01-14,nemchse01
1964-01-16,boykoda01
1964-01-21,leblajo01
1964-01-21,coxecr01
1964-01-22,shaunsc01
1964-01-25,sweenbo01
1964-01-25,roberma01
1964-01-29,kasteed01
1964-01-31,stewaal01
1964-02-03,lehmato01
1964-02-07,dadswdo01
1964-02-11,sirenvi01
1964-02-12,petitmi01
1964-02-13,sassegr01
1964-02-15,poudrda01
1964-02-17,pangda01
1964-02-19,leemaga01
1964-02-20,hallta01
1964-02-20,ruuttch01
1964-02-22,loganro01
1964-02-22,paterma01
1964-02-29,byersly01
1964-03-03,kudelbo01
1964-03-03,mckayro01
1964-03-04,kluzago01
1964-03-04,gauvrjo01
1964-03-09,houslph01
1964-03-11,helmira01
1964-03-12,plantca01
1964-03-21,kyteji01
1964-03-25,wreggke01
1964-03-26,besteal01
1964-03-26,samueul01
1964-03-28,kerral01
1964-03-29,krommri01
1964-03-29,robinsc01
1964-03-30,watsobi01
1964-03-30,elletda01
1964-03-30,milleco01
1964-04-01,stevesc01
1964-04-03,lomakan01
1964-04-03,campedo01
1964-04-07,gravest01
1964-04-09,tocchri01
1964-04-10,seguist01
1964-04-11,trottro01
1964-04-17,daneyke01
1964-04-19,gauthlu01
1964-04-25,courtyv01
1964-04-28,shawbr01
1964-05-03,hextaro01
1964-05-11,martito02
1964-05-11,kiddia01
1964-05-15,reidda02
1964-05-18,bohri01
1964-05-21,albelto01
1964-05-22,playfji01
1964-05-24,verbepa01
1964-05-25,shawda01
1964-05-27,felixch01
1964-05-30,smithve01
1964-06-06,gansda01
1964-06-09,mcswedo01
1964-06-12,browndo01
1964-06-18,rousebo01
1964-06-24,suterga01
1964-06-27,mikulol01
1964-07-02,lawlepa01
1964-07-08,gusaral01
1964-07-20,cravemu01
1964-07-25,granato01
1964-07-27,smithde04
1964-08-02,cullejo01
1964-08-03,lambma01
1964-08-08,sandesc01
1964-08-09,hullbr01
1964-08-09,khmylyu01
1964-08-22,evasode01
1964-08-23,ferrara01
1964-08-30,reierda01
1964-09-01,bellobr01
1964-09-04,sandsto01
1964-09-06,okerlto01
1964-09-07,parkeje01
1964-09-08,macivno01
1964-09-10,markgo01
1964-09-14,flichto01
1964-09-21,erreybo01
1964-09-24,henryda01
1964-09-29,tuckejo01
1964-10-04,hoffoji01
1964-10-06,reddipo01
1964-10-06,bailljo01
1964-10-07,bruceda01
1964-10-17,tomlami01
1964-10-18,lacomno01
1964-10-24,leblara01
1964-11-11,heathra01
1964-11-15,terrech01
1964-11-18,lambela01
1964-11-20,maclejo01
1964-12-02,barbedo01
1964-12-04,cowlewa01
1964-12-05,berezpe01
1964-12-07,laviope01
1964-12-09,markwne01
1964-12-11,gagneda01
1964-12-17,pietrfr01
1964-12-17,musilfr01
1964-12-19,lindhmi01
1964-12-21,kocurjo01
1964-12-23,klimape01
1965-01-04,bacaje01
1965-01-05,mcreybr01
1965-01-07,beaudyv01
1965-01-11,berglti01
1965-01-12,borscni01
1965-01-13,pederal01
1965-01-14,mayal01
1965-01-14,essenbo01
1965-01-14,johnsgr01
1965-01-17,turgesy01
1965-01-18,mcbaian01
1965-01-21,bradlbr01
1965-01-22,mazurja01
1965-01-22,smithde03
1965-01-25,tikkaes01
1965-01-29,hasekdo01
1965-01-31,dollabo01
1965-01-31,bakovpe01
1965-02-02,groulwa01
1965-02-09,mongemi01
1965-02-10,fosteno01
1965-02-13,reaugda01
1965-02-14,lowryda01
1965-02-15,bellbr01
1965-02-20,kachoma01
1965-02-21,lavarma01
1965-02-22,reekijo01
1965-02-22,lafonpa01
1965-02-28,makelmi01
1965-03-08,rowemi01
1965-03-13,culhaji01
1965-03-16,blomsar01
1965-03-22,charlto01
1965-03-22,kordijo01
1965-03-23,puppada01
1965-03-23,jarviii01
1965-03-23,preslwa01
1965-03-28,beukeje01
1965-03-28,tilleto01
1965-03-28,goertda01
1965-03-31,barrato01
1965-03-31,roberse01
1965-04-01,berrybr01
1965-04-06,diducge01
1965-04-07,biggsdo01
1965-04-15,steveke01
1965-04-17,payntke01
1965-04-20,jerrapa01
1965-04-21,belfoed01
1965-04-22,zezelpe01
1965-04-24,jacksje01
1965-04-27,herouyv01
1965-04-28,millami01
1965-05-05,joycedu01
1965-05-05,jennigr01
1965-05-06,bassebo01
1965-05-09,yzermst01
1965-05-10,hajduri01
1965-05-15,sevcija01
1965-05-20,grimsst01
1965-05-20,cassibr01
1965-05-23,quinnke01
1965-05-29,noonabr01
1965-05-29,myllyja01
1965-06-01,quinnda01
1965-06-02,creigad01
1965-06-02,courtru01
1965-06-05,turcoal01
1965-06-05,probebo01
1965-06-06,neelyca01
1965-06-21,brydgpa01
1965-06-21,madilje01
1965-06-24,raymoal01
1965-06-24,kruppuw01
1965-06-24,churlsh01
1965-06-26,jonesbr01
1965-06-27,toomese01
1965-06-29,lawtobr01
1965-06-30,puseych01
1965-06-30,duchest01
1965-07-07,smithra01
1965-07-10,evanske01
1965-07-12,erikspe01
1965-07-16,lemiecl01
1965-07-16,guyke01
1965-08-11,torkkja01
1965-08-11,bergema01
1965-08-12,walkego01
1965-08-13,sjodito01
1965-08-13,exelbra01
1965-08-16,mchugmi01
1965-08-19,jenseda03
1965-08-20,shoebbr01
1965-08-21,messimi01
1965-08-26,mcraech01
1965-08-28,minerjo01
1965-08-29,anderpe03
1965-08-29,hodgsda01
1965-09-02,milleke02
1965-09-04,momesse01
1965-09-05,fernema01
1965-09-07,evanssh01
1965-09-21,prajspe01
1965-09-22,redmocr01
1965-09-29,yawnetr01
1965-10-01,ronnicl01
1965-10-02,townsgr01
1965-10-05,lemiema01
1965-10-05,roypa01
1965-10-12,krygito01
1965-10-12,daignjj01
1965-10-13,cavalpa01
1965-10-16,titovge01
1965-10-20,shtalmi01
1965-10-27,brotepa01
1965-10-27,depalla01
1965-10-29,veseyji01
1965-11-08,pelusmi01
1965-11-09,gillto01
1965-11-13,guenest01
1965-11-16,barahra01
1965-11-18,jaybo01
1965-11-22,donatcl01
1965-11-25,nortoje01
1965-11-28,trappdo01
1965-11-29,haanpar01
1965-11-30,scevida01
1965-12-01,belanro01
1965-12-17,berubcr01
1965-12-25,mirondm01
1965-12-30,stevemi01
1965-12-30,thomsji02
1965-12-31,lappipe01
1966-01-04,latosja01
1966-01-05,tuttlst01
1966-01-05,podlora01
1966-01-05,macdobr01
1966-01-07,burrira01
1966-01-07,borsalu01
1966-01-08,vyazmig01
1966-01-08,viveiem01
1966-01-16,leachst01
1966-01-17,conroal01
1966-01-19,cotesy01
1966-01-25,torgapa01
1966-01-25,ranhepa01
1966-01-26,berthda01
1966-01-27,rohlije01
1966-01-28,pivonmi01
1966-02-08,mulleki01
1966-02-11,semakal01
1966-02-14,svobope01
1966-02-17,robitlu01
1966-02-18,kingkr01
1966-02-19,bluejo01
1966-02-19,douripe01
1966-02-21,laxdade01
1966-02-21,lammeha01
1966-02-22,severbr01
1966-02-23,drucejo01
1966-02-24,macdoke01
1966-02-25,haywari01
1966-02-26,fortima01
1966-02-27,wilksbr01
1966-03-05,halkibo01
1966-03-07,carknte01
1966-03-11,baumgke01
1966-03-13,bisseto01
1966-03-14,wakalda01
1966-03-18,banksda01
1966-03-21,iafraal01
1966-03-21,agnewji01
1966-03-22,ewento01
1966-03-24,reeseje01
1966-03-25,kvartdm01
1966-03-26,bawaro01
1966-04-05,hughebr02
1966-04-11,odelese01
1966-04-13,hodgeke02
1966-04-15,elikto01
1966-04-18,kamenva01
1966-04-20,riendvi01
1966-04-23,smythgr01
1966-04-28,richest02
1966-04-28,sabouke01
1966-04-30,brownje02
1966-05-03,chychje01
1966-05-04,stevejo01
1966-05-05,staplmi01
1966-05-06,morrijo02
1966-05-09,tinorma01
1966-05-10,andermi01
1966-05-11,fedotan01
1966-05-13,stientr01
1966-05-13,englijo01
1966-05-15,ysebapa01
1966-05-19,bureama01
1966-05-20,saundda01
1966-05-23,roberga01
1966-05-26,cliffch01
1966-05-27,sheppra01
1966-06-03,houdado01
1966-06-04,kypreni01
1966-06-07,richest01
1966-06-10,bennibr01
1966-06-11,mellasc01
1966-06-13,kushnda01
1966-06-18,volekda01
1966-06-18,bodgedo01
1966-06-20,snuggda01
1966-06-25,simarma01
1966-06-25,armstbi01
1966-06-26,germaer01
1966-06-26,mcleaki01
1966-07-01,burrsh01
1966-07-03,kekalja01
1966-07-07,hrkacto01
1966-07-07,capuaja01
1966-07-08,pasinda01
1966-07-09,richami01
1966-07-11,joycebo01
1966-07-13,sabolsh01
1966-07-16,lummejy01
1966-07-16,tatarmi01
1966-07-22,hynesgo01
1966-07-22,mcneimi01
1966-07-24,mackeda01
1966-07-30,hoffobr01
1966-08-02,hawkito01
1966-08-09,racinbr01
1966-08-10,mcdoubi01
1966-08-11,vellumi01
1966-08-13,corsosh01
1966-08-16,olczyed01
1966-08-17,sweendo01
1966-08-18,dobbibr01
1966-08-20,finnst01
1966-08-20,dirkro01
1966-08-25,srsento01
1966-08-29,murrami02
1966-08-30,wheelsi01
1966-08-31,bakerja01
1966-09-09,hatchke01
1966-09-10,nieuwjo01
1966-09-11,billicr01
1966-09-13,kravcig01
1966-09-14,vukotmi01
1966-09-18,chorsto01
1966-09-22,richtmi01
1966-09-27,chapdre01
1966-09-29,poescru01
1966-09-29,thyerma01
1966-10-05,olausfr01
1966-10-07,olsenda01
1966-10-07,hurlbmi01
1966-10-08,richaje01
1966-10-10,mollomi01
1966-10-11,chambsh01
1966-10-20,richato01
1966-10-22,thomlda01
1966-10-25,clarkwe01
1966-10-27,lauerbr01
1966-10-28,hoovero01
1966-10-28,hoguebe01
1966-11-05,posavi01
1966-11-20,drapeto01
1966-11-21,charbjo01
1966-11-24,burakro01
1966-11-30,bozonph01
1966-12-02,buchbke01
1966-12-03,lovsike01
1966-12-06,lafreja01
1966-12-07,grattda01
1966-12-09,murzyda01
1966-12-12,sandlji01
1966-12-14,ranfobi01
1966-12-19,weinrer01
1966-12-25,prokhvi01
1967-01-03,majorbr01
1967-01-03,lattada01
1967-01-06,metcasc01
1967-01-07,hebergu01
1967-01-09,mcllwda01
1967-01-09,huscrja01
1967-01-10,coleda01
1967-01-10,serowje01
1967-01-11,sternro01
1967-01-12,dahleul01
1967-01-25,brunema01
1967-01-25,mckayra02
1967-01-26,dallmro01
1967-01-27,mansoda01
1967-01-28,desjama01
1967-01-29,potvima01
1967-01-29,burkese01
1967-01-30,dundaro01
1967-02-02,irbear01
1967-02-02,latalji01
1967-02-03,horacto01
1967-02-04,marcida01
1967-02-06,hudsomi01
1967-02-07,hartmmi01
1967-02-08,corriyv01
1967-02-09,eisenne01
1967-02-11,kingde01
1967-02-11,nemetst01
1967-02-14,macwimi01
1967-02-14,johanca01
1967-02-15,simpscr01
1967-02-17,shuchga01
1967-02-18,mulvegl01
1967-02-27,kronro01
1967-02-27,eakinda01
1967-03-05,delguma01
1967-03-08,fedykbr01
1967-03-11,houldbi01
1967-03-11,bautise01
1967-03-16,kerchal01
1967-03-17,duncacr01
1967-03-17,luongch01
1967-03-19,konstvl01
1967-03-22,waremi01
1967-03-23,murphgo01
1967-03-25,parksgr01
1967-04-01,giffile01
1967-04-02,oconnmy01
1967-04-03,gilchbr01
1967-04-04,murraro01
1967-04-07,gambltr01
1967-04-07,paekji01
1967-04-10,whitmka01
1967-04-10,dufredo01
1967-04-12,sweenti01
1967-04-14,coteal02
1967-04-14,finleje01
1967-04-14,chiasst01
1967-04-16,lindbch01
1967-04-17,johanro01
1967-04-19,robinro01
1967-04-29,josepcu01
1967-05-10,gotaast01
1967-05-11,breaufr01
1967-05-12,shankda01
1967-05-12,rychewa01
1967-05-12,armstti01
1967-05-14,cristed01
1967-05-20,beersbo01
1967-05-21,mayerde01
1967-05-27,davydev01
1967-05-29,keanemi01
1967-05-29,mckicst01
1967-06-01,stewary01
1967-06-01,baronmu01
1967-06-02,bergemi02
1967-06-13,littmda01
1967-06-19,karjaky01
1967-06-20,jablopa01
1967-06-22,stantpa01
1967-06-24,huardbi01
1967-06-25,kingsc01
1967-06-28,lefebpa01
1967-06-29,royst01
1967-07-01,eastwmi01
1967-07-10,ennisji01
1967-07-14,reynobo01
1967-07-18,herbeia01
1967-07-24,benneri01
1967-07-25,manelge01
1967-07-27,wolancr01
1967-07-28,sharpje01
1967-08-01,vinceda01
1967-08-05,raglahe01
1967-08-09,bycejo01
1967-08-11,dalgabr01
1967-08-15,brochst01
1967-08-15,wilkine01
1967-08-17,emersne01
1967-08-18,middema01
1967-08-21,dopsoro01
1967-08-24,prieske01
1967-08-25,willida01
1967-08-29,vanalsh01
1967-08-31,larosgu01
1967-09-09,kaesetr01
1967-09-11,seabrgl01
1967-09-25,isselki01
1967-09-26,jannecr01
1967-10-01,youngsc01
1967-10-03,mclelto01
1967-10-03,vermema01
1967-10-05,larocde01
1967-10-05,beralpa01
1967-10-11,vaskede01
1967-10-14,lefebsy01
1967-10-16,flemige01
1967-10-16,murphjo01
1967-10-21,bergbi01
1967-10-22,tugnuro01
1967-10-25,chaseke01
1967-10-30,elynupa01
1967-10-30,aitkebr01
1967-10-31,gagnoda01
1967-11-03,cowiero01
1967-11-03,oneilmi01
1967-11-05,pitlila01
1967-11-11,hostama01
1967-11-18,lemiejo01
1967-11-21,lavoido01
1967-11-23,glynnbr01
1967-11-25,staubro01
1967-11-27,valkga01
1967-11-28,shudrro01
1967-12-14,maceash01
1967-12-16,nieckba01
1967-12-17,damphvi01
1967-12-18,corkubo01
1967-12-29,gibsodo02
1967-12-29,woodlda01
1968-01-01,youngcj01
1968-01-03,huffmke01
1968-01-03,laforma02
1968-01-05,drulist01
1968-01-05,juneajo01
1968-01-07,rosatmi01
1968-01-09,lessari01
1968-01-10,beaurst01
1968-01-11,flahewa01
1968-01-14,pederma01
1968-01-28,willise01
1968-01-31,bloemje01
1968-02-01,recchma01
1968-02-01,carnbpa01
1968-02-02,courted01
1968-02-02,routhje01
1968-02-03,kucerfr01
1968-02-07,tancich01
1968-02-07,bondrpe01
1968-02-07,andersh01
1968-02-09,willida02
1968-02-10,chapmbr01
1968-02-10,popovpe01
1968-02-12,winnech01
1968-02-12,chabofr01
1968-02-12,purvejo01
1968-02-13,sanipev01
1968-02-15,cheveti01
1968-02-19,dimairo01
1968-02-25,madelda01
1968-02-26,rohlile01
1968-02-27,sullimi01
1968-02-27,mortode01
1968-02-28,lebeast01
1968-02-28,greenje01
1968-03-01,sharpsc01
1968-03-03,leetcbr01
1968-03-05,podeish01
1968-03-07,browngr01
1968-03-08,zettlro01
1968-03-12,lartety01
1968-03-15,currida01
1968-03-21,garpejo01
1968-03-21,lazarje01
1968-03-21,ronaned01
1968-04-09,ojaneja01
1968-04-10,brownro01
1968-04-12,gravead01
1968-04-12,bradyne01
1968-04-12,guerast01
1968-04-13,endeacr01
1968-04-14,loachlo01
1968-04-19,chibiig01
1968-04-22,zalapza01
1968-04-23,coutusy01
1968-04-23,mcraeke01
1968-04-30,vitolha01
1968-04-30,pilonri01
1968-05-02,tomliki01
1968-05-02,turcoda01
1968-05-03,crowdtr01
1968-05-04,toddke01
1968-05-05,skardra01
1968-05-09,twistto01
1968-05-11,djoospe01
1968-05-11,dayjo01
1968-05-14,aholape01
1968-05-14,seftest01
1968-05-16,hervema01
1968-05-19,janssma01
1968-05-25,turnebr01
1968-05-25,keczmda01
1968-05-28,scremcl01
1968-05-28,hrivnji01
1968-06-01,hackeje01
1968-06-03,esaule01
1968-06-08,guayfr01
1968-06-08,rayro01
1968-06-16,kolstde01
1968-06-21,shannda02
1968-06-23,haasda01
1968-06-24,danieje01
1968-06-29,fleurth01
1968-07-03,nummite01
1968-07-06,karamvi01
1968-07-08,feathgl01
1968-07-14,freerma01
1968-07-20,carsoji01
1968-07-21,odelely01
1968-07-22,schlebr01
1968-07-23,osiecma01
1968-07-27,capuada01
1968-08-03,babcobo01
1968-08-04,colmami01
1968-08-10,hawgogr01
1968-08-10,andrial01
1968-08-23,cassemi01
1968-08-24,brunebe01
1968-08-27,doyonma01
1968-08-28,fitzgto01
1968-08-30,malakvl01
1968-09-03,connro01
1968-09-07,babewa01
1968-09-10,petrese01
1968-09-11,shafrko01
1968-09-12,byramsh01
1968-09-15,greenmi01
1968-09-16,otevrja01
1968-09-17,zelepva01
1968-09-20,glennma01
1968-09-23,warddi01
1968-10-02,weslegl01
1968-10-02,gaetzli01
1968-10-03,maroida01
1968-10-08,harkito01
1968-10-11,lapoicl01
1968-10-14,bergeje01
1968-10-22,quintst01
1968-10-22,yakete01
1968-10-30,chynode01
1968-11-08,joneske01
1968-11-13,fitzpma01
1968-11-18,sekerlu01
1968-11-22,kimblda01
1968-11-24,forslto01
1968-11-27,heaphsh01
1968-12-02,dopitji01
1968-12-10,rymshan01
1968-12-22,fiorepe01
1968-12-25,dowdji01
1968-12-30,dahlke01
1969-01-02,svehlro01
1969-01-02,tabarri01
1969-01-03,poapsst01
1969-01-12,moreja01
1969-01-12,russeca01
1969-01-14,emmada01
1969-01-15,burtad01
1969-01-23,rumblda01
1969-01-23,shanabr01
1969-01-25,maltast01
1969-01-30,martida01
1969-02-02,hulljo01
1969-02-04,saccojo01
1969-02-04,drakeda01
1969-02-06,tayloti01
1969-02-07,racinyv01
1969-02-08,macdodo01
1969-02-11,wilkibo01
1969-02-12,werenbr01
1969-02-17,royje01
1969-02-18,mogilal01
1969-02-21,mcbeawa01
1969-02-22,wortmke01
1969-02-26,loeweda01
1969-02-28,mcgilry01
1969-02-28,mceacsh01
1969-03-01,josepto01
1969-03-07,smithge01
1969-03-10,teppest01
1969-03-11,lacroda01
1969-03-13,kaminke01
1969-03-14,mitchro01
1969-03-15,whitepe01
1969-03-21,mogersa01
1969-03-21,simonja01
1969-03-26,richalu01
1969-03-27,morinst01
1969-03-28,laperda01
1969-03-29,nurmika01
1969-03-30,astlema01
1969-04-01,deanke01
1969-04-02,osborke01
1969-04-02,kruppgo01
1969-04-06,hardije01
1969-04-07,murphro02
1969-04-10,vialde01
1969-04-10,vonstph01
1969-04-14,archida01
1969-04-15,waiteji01
1969-04-18,tsyplvl01
1969-04-20,atchebl01
1969-04-23,sullibr01
1969-04-28,donatte01
1969-04-28,ingpe01
1969-04-29,mcintjo01
1969-05-01,hankibe01
1969-05-01,marchbr02
1969-05-04,aivazmi01
1969-05-08,tomlida01
1969-05-09,grievbr01
1969-05-11,nelsoto01
1969-05-13,varispe01
1969-05-15,brownca01
1969-05-15,hilleji01
1969-05-21,simpsre01
1969-05-28,rhodeda01
1969-05-28,quintje01
1969-05-31,odgerje01
1969-06-04,barrile01
1969-06-05,mccossh01
1969-06-09,racican01
1969-06-11,milleki01
1969-06-11,fogarbr01
1969-06-12,schnema01
1969-06-14,desjaer01
1969-06-15,belanje01
1969-06-15,kennesh01
1969-06-15,maclepa02
1969-06-17,kjellpa01
1969-06-18,morrosc01
1969-06-18,mckeemi01
1969-06-30,gernake01
1969-06-30,montgji01
1969-07-05,leclajo01
1969-07-07,sakicjo01
1969-07-15,ciavape01
1969-07-17,soderto01
1969-07-22,kingst01
1969-07-23,cassean01
1969-07-23,khrisdm01
1969-07-23,millebr01
1969-07-27,woollja01
1969-07-28,kuntale01
1969-07-28,snowga01
1969-08-10,fraseia01
1969-08-15,blackja01
1969-08-20,murrapa01
1969-08-24,perssri01
1969-08-25,leachja01
1969-08-28,turgepi01
1969-08-31,trefian01
1969-09-02,mattest01
1969-09-03,knipsfr01
1969-09-04,hicksal01
1969-09-09,dalesco01
1969-09-10,miehmke01
1969-09-10,josepch01
1969-09-17,zamunro01
1969-09-19,daniesc01
1969-09-21,leschcu01
1969-09-22,tichymi01
1969-09-23,audetdo01
1969-09-25,bialofr01
1969-10-01,ulanoig01
1969-10-03,rohlojo01
1969-10-06,mcleaje01
1969-10-07,faustan01
1969-10-12,rolosdw01
1969-10-19,cigerzd01
1969-10-25,beranjo01
1969-10-27,fosteco01
1969-11-01,domiti01
1969-11-03,mckenji02
1969-11-05,suttoke01
1969-11-07,picarmi01
1969-11-10,warded01
1969-11-13,auguspa01
1969-11-14,andrugr01
1969-11-30,sarjege01
1969-12-08,shannda01
1969-12-10,blakero01
1969-12-12,lorenda01
1969-12-13,fedorse01
1969-12-19,pearssc01
1969-12-20,labelma01
1969-12-25,savagjo01
1970-01-07,lambede01
1970-01-08,klemmjo01
1970-01-08,norridw01
1970-01-09,pellesc01
1970-01-12,lambeda01
1970-01-13,plavsad01
1970-01-14,charrer01
1970-01-14,pederto01
1970-01-17,roenije01
1970-01-18,thomasc01
1970-01-20,gaudrro01
1970-01-23,smehlri01
1970-01-24,mathiji01
1970-01-25,greigma01
1970-01-26,malkode01
1970-01-27,duffupa01
1970-01-27,godynal01
1970-01-27,ruffja01
1970-01-30,stamoma01
1970-01-30,levinsc01
1970-01-30,heinzst01
1970-02-02,govedch01
1970-02-03,muzzaja01
1970-02-03,carneke01
1970-02-07,chassde01
1970-02-07,hlushto01
1970-02-14,hillse01
1970-02-15,cimetro01
1970-02-16,karabla01
1970-02-22,roussdo01
1970-02-25,malletr01
1970-03-01,boivicl01
1970-03-02,messijo01
1970-03-06,allenpe01
1970-03-15,krusepa01
1970-03-17,lebeapa01
1970-03-19,laukkja01
1970-03-20,majorma01
1970-03-22,richatr01
1970-03-23,duberju01
1970-03-25,antossh01
1970-04-04,needhmi01
1970-04-04,croweph01
1970-04-06,kolziol01
1970-04-07,karpoal01
1970-04-08,fergucr01
1970-04-09,goverda01
1970-04-09,doreda01
1970-04-10,ciccoen01
1970-04-11,lindetr01
1970-04-11,gordivi01
1970-04-18,leroufr01
1970-04-20,chervde01
1970-04-21,malgust01
1970-04-21,barrado01
1970-04-24,juhlipa01
1970-04-26,ignatvi01
1970-04-28,lidstni01
1970-04-29,felsnde01
1970-05-01,savagre01
1970-05-03,crowlte01
1970-05-04,whytese01
1970-05-13,beaufma01
1970-05-15,walzwe01
1970-05-17,gauthda01
1970-05-17,jacksda01
1970-05-17,cummiji01
1970-05-20,yorkja01
1970-05-21,turekro01
1970-05-28,roberda01
1970-06-02,mcinnma01
1970-06-04,grudejo01
1970-06-05,gelinma01
1970-06-06,gustape02
1970-06-07,modanmi01
1970-06-07,kovalan01
1970-06-09,simtr01
1970-06-09,romanru01
1970-06-13,butsavi01
1970-06-17,fisetst01
1970-06-22,bashkan01
1970-06-27,charbst01
1970-06-30,fishecr01
1970-07-02,harkibr01
1970-07-03,selante01
1970-07-06,mckiman01
1970-07-09,dubinst01
1970-07-18,mertzja01
1970-07-22,zubovse01
1970-07-24,olssoch01
1970-07-30,chrisje01
1970-07-31,saccoda01
1970-08-02,amontto01
1970-08-09,brindro01
1970-08-10,hedicbr01
1970-08-12,virtute01
1970-08-21,erickch01
1970-08-21,oksiuro01
1970-09-05,lachebl01
1970-09-06,korolig01
1970-09-07,odjicgi01
1970-09-08,dipiepa01
1970-09-11,richtba01
1970-09-14,soucych01
1970-09-19,dionngi01
1970-09-19,tormaan01
1970-09-19,bylsmda01
1970-09-24,payneda01
1970-09-26,lauspa01
1970-10-01,zhamnal01
1970-10-02,herteja01
1970-10-03,sundiro01
1970-10-06,bancrst01
1970-10-23,batteje01
1970-10-26,stevesh01
1970-10-29,ratusda01
1970-10-30,tardipa01
1970-11-03,zmoledo01
1970-11-04,schwaco01
1970-11-06,pankegr01
1970-11-09,gueribi01
1970-11-10,beddocl01
1970-11-17,tamerch01
1970-12-05,halleke01
1970-12-19,langro01
1970-12-20,greentr01
1970-12-25,barnest01
1971-01-01,holikbo01
1971-01-03,crossco01
1971-01-06,valicro01
1971-01-08,langdda01
1971-01-09,thompbr01
1971-01-09,thornsc01
1971-01-12,vallili01
1971-01-17,plantde01
1971-01-18,ramja01
1971-01-21,marticr01
1971-01-21,weighdo01
1971-01-27,brisepa01
1971-01-30,klatttr01
1971-01-30,riversh01
1971-02-01,saloto01
1971-02-05,stormji01
1971-02-11,strucda01
1971-02-13,viitave01
1971-02-13,sundima01
1971-02-14,jantuma01
1971-02-21,cironja01
1971-02-22,marshja01
1971-02-24,savagbr01
1971-02-24,hollite01
1971-02-25,dafoeby01
1971-02-26,tsygude01
1971-02-26,skaldja01
1971-02-27,modryja01
1971-03-01,milleja03
1971-03-02,cechmro01
1971-03-06,labrepa01
1971-03-08,boughbo01
1971-03-08,pearsro01
1971-03-11,rucinma01
1971-03-16,harloda01
1971-03-16,johnsgr02
1971-03-17,tannejo01
1971-03-19,debrulo01
1971-03-23,lipumch01
1971-03-23,selival01
1971-03-28,gauthse01
1971-03-30,hewarja01
1971-03-30,bennead01
1971-03-31,burepa01
1971-04-01,shulmri01
1971-04-04,perreya01
1971-04-06,halvetr01
1971-04-12,mandeke01
1971-04-14,laroust01
1971-04-15,zentja01
1971-04-17,oliveda01
1971-04-18,kordida01
1971-04-18,petrool01
1971-04-22,holanmi01
1971-04-24,craigda01
1971-04-24,kleeke01
1971-04-30,martima01
1971-05-07,karpada01
1971-05-12,snellch01
1971-05-17,lindsbi01
1971-05-20,anderni01
1971-05-21,neatopa01
1971-05-23,buchaje01
1971-05-24,drapekr01
1971-05-26,ricest01
1971-05-30,slegrji01
1971-05-31,sprinco01
1971-06-06,craigmi01
1971-06-11,alatami01
1971-06-14,cimelto01
1971-06-23,potvife01
1971-06-25,reichro01
1971-06-25,reirdto01
1971-06-29,sillimi01
1971-06-30,mclenja01
1971-07-04,rucchst01
1971-07-05,tileybr01
1971-07-08,lindbjo01
1971-07-10,footead01
1971-07-11,hauerbr01
1971-07-11,chyzoda01
1971-07-13,wisembr01
1971-07-15,lacroer01
1971-07-21,kudasal01
1971-07-28,kaminya01
1971-08-05,karpova01
1971-08-06,balesmi01
1971-08-11,milleaa01
1971-08-13,ragnama01
1971-08-19,anderer01
1971-09-01,frieddo01
1971-09-04,conrocr01
1971-09-06,paterpa01
1971-09-07,lakovsa01
1971-09-08,sevigpi01
1971-09-13,druryte01
1971-09-15,ambrope01
1971-09-18,stewaca01
1971-09-20,nielsje01
1971-09-22,semchbr01
1971-09-28,skopian01
1971-10-05,plantda01
1971-10-09,namesjo01
1971-10-13,odonnse01
1971-10-14,filimdm01
1971-10-25,boyerza01
1971-10-27,riccimi01
1971-10-29,scisssc01
1971-11-04,simicro01
1971-11-05,berezse01
1971-11-19,yushkdm01
1971-11-23,craigjo01
1971-11-23,kesada01
1971-11-24,primeke02
1971-11-25,arvedma01
1971-11-29,maybr01
1971-12-01,mcalpch01
1971-12-09,nedvepe01
1971-12-14,therich01
1971-12-18,littlne01
1971-12-18,dziedjo01
1971-12-24,morisda01
1971-12-27,smolibr01
1971-12-27,mattemi01
1971-12-29,marinch01
1972-01-02,norstma01
1972-01-03,berehdr01
1972-01-04,zavisbr01
1972-01-07,witehjo01
1972-01-07,brashdo01
1972-01-12,knutses01
1972-01-17,hughery01
1972-01-19,danieki01
1972-01-25,jakspa01
1972-01-26,mckaysc01
1972-01-26,fountmi01
1972-01-27,lawrema01
1972-01-30,khavaal01
1972-01-30,simonch01
1972-02-01,sandege01
1972-02-01,droppiv01
1972-02-07,slanejo01
1972-02-11,gardibr01
1972-02-12,nolanow01
1972-02-13,yloneju01
1972-02-15,jagrja01
1972-02-17,vujtevl01
1972-02-20,gretzbr01
1972-02-23,torchmi01
1972-02-28,dawje01
1972-02-28,mctavda01
1972-03-03,prochma01
1972-03-06,tayloch01
1972-03-14,brimaar01
1972-03-16,rodgema01
1972-03-18,johnscr01
1972-03-18,wooddo01
1972-03-21,mironbo01
1972-03-26,kiddtr01
1972-03-27,hodsoke01
1972-03-28,bendaja01
1972-03-28,tkachke01
1972-03-29,schnean01
1972-03-30,vasilan01
1972-04-01,mccarda02
1972-04-13,martist02
1972-04-13,czerkma01
1972-04-13,kennemi01
1972-04-17,sandwte01
1972-04-21,simonto01
1972-04-25,tuomama01
1972-04-28,varvija01
1972-05-02,bailesc01
1972-05-03,frasesc01
1972-05-03,kozlovy01
1972-05-05,bombabr01
1972-05-05,renbemi01
1972-05-05,palffzi01
1972-05-06,brodema01
1972-05-08,whitnra01
1972-05-13,sydorda01
1972-05-18,stevetu01
1972-06-01,dunhami01
1972-06-04,hatchde01
1972-06-06,kipruma01
1972-06-15,mccarsa01
1972-06-15,labbeje01
1972-06-26,junkest01
1972-06-28,virtato01
1972-07-01,mcgilda01
1972-07-04,knublmi01
1972-07-08,dykhuka01
1972-07-15,helmebr01
1972-07-16,schulpa01
1972-07-19,lindeja01
1972-07-19,shielst01
1972-07-20,stumpjo01
1972-07-20,vachoni01
1972-07-20,peterbr02
1972-07-25,gusmara01
1972-08-03,ozolisa01
1972-08-03,lillejo01
1972-08-09,loneybr01
1972-08-10,hirscco01
1972-08-24,elorami01
1972-08-24,morania01
1972-08-26,nikulig01
1972-08-28,hendrda01
1972-08-29,hoglujo01
1972-09-03,strakma01
1972-09-08,mccletr01
1972-09-14,lenarmi01
1972-09-22,fallopa01
1972-09-26,darbycr01
1972-09-29,jonssjo01
1972-10-02,vorobvl01
1972-10-03,nylanmi01
1972-10-04,fitzgru01
1972-10-09,murrare01
1972-10-10,holzibr01
1972-10-10,zhitnal01
1972-10-16,kaspada01
1972-10-22,lachasc01
1972-10-24,kolarpa01
1972-10-25,redmoke01
1972-10-31,angelme01
1972-11-01,murragl01
1972-11-04,laviger01
1972-11-11,felsnbr01
1972-11-11,konowst01
1972-11-13,cornfma01
1972-11-13,pantegr01
1972-11-14,patteed01
1972-11-20,dupreya01
1972-11-24,brathfr01
1972-11-24,potomba01
1972-11-25,nummepe01
1972-11-26,osgooch01
1972-11-26,brennri01
1972-11-30,prongse01
1972-12-02,zholtse01
1972-12-04,cullija01
1972-12-11,alfreda01
1972-12-18,nelsoje01
1972-12-20,calouja01
1972-12-22,maltbki01
1972-12-23,sarauyv01
1972-12-28,leveqgu01
1972-12-28,jomphje01
1972-12-29,dackean01
1972-12-30,sylvede01
1973-01-03,sundbni01
1973-01-04,devrigr01
1973-01-06,fergusc01
1973-01-08,kultaja01
1973-01-11,mulhery01
1973-01-12,parenri01
1973-01-13,khabini01
1973-01-17,wardaa01
1973-01-23,kolesma01
1973-01-23,holmsto01
1973-01-23,grolefr01
1973-01-24,ferrape01
1973-01-24,ferrach01
1973-01-29,passmst01
1973-01-31,egelaal01
1973-02-04,legacma01
1973-02-05,matviri01
1973-02-11,pushoja01
1973-02-17,lafayna01
1973-02-21,rolstbr01
1973-02-24,kovalal01
1973-02-25,smithbr04
1973-02-28,vandery01
1973-02-28,lindrer01
1973-03-10,brochma01
1973-03-13,smythbr01
1973-03-15,guollst01
1973-03-20,tallaro01
1973-03-22,vopatja01
1973-03-24,moravda01
1973-03-24,bouchph01
1973-03-25,nikolan01
1973-04-03,campbji01
1973-04-06,wrighty01
1973-04-09,faircke01
1973-04-10,kenadch01
1973-04-12,havelni01
1973-04-12,oliwakr01
1973-04-22,gaulmi01
1973-04-23,poulipa01
1973-04-23,armstde01
1973-04-24,skudrpe01
1973-04-25,stojaal01
1973-04-30,cousima01
1973-05-04,barnama01
1973-05-04,maddejo01
1973-05-05,hedbejo01
1973-05-06,savoiry01
1973-05-18,vanimda01
1973-05-19,johanan01
1973-05-20,bohonlo01
1973-05-24,peltovi01
1973-05-28,peakepa01
1973-05-28,simpsto01
1973-05-29,daweja01
1973-05-31,mathima01
1973-06-08,muirbr01
1973-06-09,marshgr01
1973-06-14,kapansa01
1973-06-15,mcammde01
1973-06-21,lindqfr01
1973-06-21,rheaupa01
1973-06-24,lehtije01
1973-06-25,corbere01
1973-06-25,hnilimi01
1973-06-27,vishema01
1973-07-03,aucoiad01
1973-07-05,sykormi01
1973-07-09,kinnege01
1973-07-19,walkesc01
1973-07-20,forsbpe01
1973-07-20,aldrike01
1973-07-23,bonvide01
1973-07-28,staiost01
1973-07-30,nasluma02
1973-08-01,widmeja01
1973-08-02,jonssha01
1973-08-12,marchto01
1973-08-21,mckenst01
1973-08-22,ronnqjo01
1973-08-22,roachan01
1973-08-24,brunean01
1973-08-31,niedesc01
1973-09-02,blakeja01
1973-09-04,trepapa01
1973-09-04,johanma02
1973-09-05,bartope01
1973-09-11,gagnose01
1973-09-12,lapoima01
1973-09-18,pennech01
1973-09-18,brouspa01
1973-09-28,rafalbr01
1973-09-29,hulbijo01
1973-10-01,manelmi01
1973-10-03,laaksan01
1973-10-10,shantje01
1973-10-19,gagejo02
1973-10-19,nielski01
1973-10-21,bachry01
1973-10-26,petroro01
1973-10-29,messier01
1973-11-02,coopeda01
1973-11-02,smithja01
1973-11-05,yashial01
1973-11-08,kaberfr01
1973-11-08,haakaka01
1973-11-09,bowenja01
1973-11-10,hulseca01
1973-11-16,wottoma01
1973-11-19,melande01
1973-11-22,smythke01
1973-11-25,zabrali01
1973-11-28,boninbr01
1973-11-29,norrefr01
1973-12-10,proulch01
1973-12-11,intrara01
1973-12-19,saloman01
1973-12-20,stillco01
1973-12-24,heinssh01
1974-01-02,lindju01
1974-01-03,ustorst01
1974-01-03,warrito01
1974-01-09,hockiju01
1974-01-13,brylise01
1974-01-16,rohloto01
1974-01-19,laperia01
1974-01-22,helensa01
1974-01-23,bouchjo01
1974-01-31,betsma01
1974-02-04,convebr01
1974-02-11,spaceja01
1974-02-13,cloutsy01
1974-02-15,gendrma01
1974-02-16,mowerma01
1974-02-21,sawyeke01
1974-02-22,gaveyaa01
1974-02-22,johanma01
1974-02-24,herpech01
1974-02-27,lamotma01
1974-03-01,libbyje01
1974-03-01,hendema01
1974-03-04,deulija01
1974-03-08,klimose01
1974-03-08,halkost01
1974-03-13,galanma01
1974-03-14,travepa01
1974-03-14,shevaje01
1974-03-15,roestst01
1974-03-18,myhrebr01
1974-03-22,gronmtu01
1974-03-26,pecami01
1974-04-01,macdoja01
1974-04-04,pirjela01
1974-04-09,guerada01
1974-04-10,trebida01
1974-04-12,hamrlro01
1974-04-12,mcbaija01
1974-04-13,gonchse01
1974-04-15,krivose01
1974-04-15,thomati01
1974-04-16,timanma01
1974-04-16,yorkha01
1974-04-22,drouipc01
1974-05-03,hentuju01
1974-05-09,yellest01
1974-05-11,brownke03
1974-05-11,rathjmi01
1974-05-11,reichcr01
1974-05-11,kochadi01
1974-05-13,ciernjo01
1974-05-14,belanke01
1974-05-15,osullch01
1974-05-17,prokomi01
1974-05-21,blouisy01
1974-05-22,nazaran01
1974-05-30,wilkida01
1974-05-31,careyji01
1974-05-31,doulldo01
1974-06-04,koivito01
1974-06-04,tomsje01
1974-06-06,cartean01
1974-06-13,bureva01
1974-06-15,hamrra01
1974-06-25,metrogl01
1974-06-27,cairner01
1974-06-30,roberbe01
1974-07-01,sushima01
1974-07-06,sullist01
1974-07-07,lalimpa01
1974-07-09,skraska01
1974-07-14,dempsna01
1974-07-15,muckabi01
1974-07-26,nordspe01
1974-07-28,steveje01
1974-07-29,wilkide01
1974-08-07,derouph01
1974-08-17,emmonjo01
1974-08-27,downeaa01
1974-08-27,fernama01
1974-09-02,pelusmi02
1974-09-02,salosa01
1974-09-03,gerbema01
1974-09-04,bannidr01
1974-09-13,rivetcr01
1974-09-16,wrenbo01
1974-09-25,prpicjo01
1974-09-25,bowlebi01
1974-10-01,lindgma01
1974-10-01,pittido01
1974-10-02,maracno01
1974-10-03,johnsmi01
1974-10-04,askeyto01
1974-10-06,jonsske01
1974-10-08,adamske01
1974-10-08,modinfr01
1974-10-10,prongch01
1974-10-11,heclra01
1974-10-11,arnotja01
1974-10-14,tibbebi01
1974-10-16,kariypa01
1974-10-22,satanmi01
1974-10-24,mayerja01
1974-10-25,murrach01
1974-11-02,saleiru01
1974-11-10,selmsse01
1974-11-23,koivusa01
1974-11-29,demitpa01
1974-12-06,stajdni01
1974-12-14,chartbr01
1974-12-27,pandoja01
1974-12-28,niedero01
1974-12-29,westlto01
1974-12-31,nichosc01
1975-01-02,mroziri01
1975-01-03,vyshese01
1975-01-05,griermi01
1975-01-07,hurmeja01
1975-01-08,yachmvi01
1975-01-08,vasilal01
1975-01-09,eriksan01
1975-01-09,lingda01
1975-01-11,leboupe01
1975-01-11,fitzpro02
1975-01-12,thibajo01
1975-01-15,brulest01
1975-01-15,strbama01
1975-01-18,bicanra01
1975-01-20,tarnsdi01
1975-01-20,healeer01
1975-01-20,landrer01
1975-01-20,mattech01
1975-01-22,donovsh01
1975-01-22,vyborda01
1975-01-24,cotepa01
1975-02-01,vlasato01
1975-02-02,bertuto01
1975-02-03,mclarst01
1975-02-07,boikoal01
1975-02-07,daiglal02
1975-02-08,royan01
1975-02-13,nortobr01
1975-02-14,kozlovi01
1975-02-15,bordese01
1975-02-15,aubinse01
1975-02-16,murrama01
1975-02-17,astaska01
1975-02-17,prospva01
1975-02-17,harveto01
1975-02-19,batyrru01
1975-02-20,wallini01
1975-02-20,wittbr01
1975-02-22,boilepa01
1975-02-26,wilsomi02
1975-02-26,axelspj01
1975-02-27,koehlgr01
1975-02-28,willijo01
1975-03-01,lankje01
1975-03-03,nedvezd01
1975-03-04,aaltoan01
1975-03-04,kohnla01
1975-03-10,bergkst01
1975-03-10,suttoan01
1975-03-11,nashty01
1975-03-13,wilsola02
1975-03-15,tuckeda01
1975-03-16,riverja01
1975-03-18,timonki01
1975-03-20,healepa01
1975-03-23,kellech01
1975-03-25,benysla01
1975-03-25,karalje01
1975-03-25,nickuer01
1975-03-30,rucinmi02
1975-04-02,courvla01
1975-04-03,batessh01
1975-04-04,weekeke01
1975-04-06,gillha01
1975-04-07,manloer01
1975-04-10,washbst01
1975-04-14,banhafr01
1975-04-16,bertrer01
1975-04-21,langksc01
1975-04-23,chebavl01
1975-04-27,kroupvl01
1975-04-30,webbst01
1975-05-06,boguner01
1975-05-08,markkju01
1975-05-10,deadmad01
1975-05-13,allisja02
1975-05-14,larosco01
1975-05-16,jakopjo01
1975-05-16,mitchje01
1975-05-17,svartpe01
1975-05-21,whiteto02
1975-05-21,yegoral01
1975-05-22,mooreba01
1975-05-22,niinija01
1975-05-26,stockpj01
1975-05-27,savagan01
1975-05-29,tsulyni01
1975-05-29,allisja01
1975-06-01,grosemi01
1975-06-06,sundsni01
1975-06-08,mccabbr01
1975-06-12,cassifr01
1975-06-13,rocheda02
1975-06-16,mcallch01
1975-06-17,hanseta01
1975-06-18,stlouma01
1975-06-24,malikma01
1975-06-26,armstch01
1975-06-29,mossty01
1975-07-01,fankhsc01
1975-07-02,dazeer01
1975-07-02,huskary01
1975-07-03,luhniwa01
1975-07-04,divisre01
1975-07-04,crowlmi01
1975-07-05,brandch01
1975-07-05,grattch01
1975-07-07,ndurru01
1975-07-10,nasreal01
1975-07-13,liljaan01
1975-07-17,strudja01
1975-07-24,langeja01
1975-07-25,nabokev01
1975-07-27,sloanbl01
1975-07-29,shaldye01
1975-07-31,gusevse01
1975-08-06,toporsh01
1975-08-12,myrvoan01
1975-08-13,turcoma01
1975-08-14,prattno01
1975-08-15,morribr01
1975-08-18,cajanpe01
1975-08-19,karlsan01
1975-08-23,ruutuja01
1975-08-27,bastry01
1975-08-29,hyvonha01
1975-08-31,grahajo01
1975-09-03,huetcr01
1975-09-04,letanal01
1975-09-06,fischpa01
1975-09-09,sorocle01
1975-09-10,pederde01
1975-09-14,scotttr01
1975-09-15,bekarde01
1975-09-22,moreaet01
1975-09-23,burnega01
1975-09-23,yeremvi01
1975-10-01,rominda01
1975-10-09,tuzzoto01
1975-10-09,krogja01
1975-10-12,robitra01
1975-10-13,scovida01
1975-10-14,vandepe01
1975-10-17,bouilfr01
1975-10-18,trudeje01
1975-11-01,perrier01
1975-11-04,fichaer01
1975-11-07,kraftry01
1975-11-08,hnidysh01
1975-11-12,wellsch01
1975-11-15,trembya01
1975-11-23,johnsma03
1975-12-02,lindrbr01
1975-12-03,murphcu01
1975-12-11,prusema01
1975-12-13,battaba01
1975-12-17,nurmipa01
1975-12-22,neckast01
1975-12-23,shariva01
1975-12-27,brownbr01
1975-12-28,storrja01
1976-01-06,zedniri01
1976-01-06,davidjo02
1976-01-09,bonkra01
1976-01-13,gordoro01
1976-01-15,korolal01
1976-01-16,goneada01
1976-01-27,warrerh01
1976-01-31,vandrda01
1976-02-03,dandema01
1976-02-05,hrdinja01
1976-02-07,whitebr01
1976-02-07,shelljo01
1976-02-11,salvabr01
1976-02-11,haggese01
1976-02-12,browncu01
1976-02-14,hejdumi01
1976-02-14,nemecja01
1976-02-16,forbeco01
1976-02-17,domenhn01
1976-02-18,podolja01
1976-02-20,scatcda01
1976-02-21,smythry01
1976-02-23,oneilje01
1976-02-26,schafpa01
1976-03-01,schmich01
1976-03-08,clarkch01
1976-03-09,golubya01
1976-03-11,ekmanni01
1976-03-12,quintde01
1976-03-13,royerga01
1976-03-16,johnski01
1976-03-22,butensv01
1976-03-23,baumgno01
1976-03-24,swansbr01
1976-03-30,kharial01
1976-03-30,conklty01
1976-03-31,wattmi01
1976-04-04,jarvema01
1976-04-07,goldmer01
1976-04-07,suchyra01
1976-04-13,eliaspa01
1976-04-14,wiemeja01
1976-04-15,bonsija01
1976-04-20,masonch02
1976-04-21,vopatro01
1976-04-22,cloutda01
1976-04-26,varadva01
1976-04-30,hollaja01
1976-05-01,melocer01
1976-05-03,halpeje01
1976-05-07,reinpst01
1976-05-08,hankica01
1976-05-13,wrighja01
1976-05-13,toblery01
1976-05-18,tverdol01
1976-05-19,botteja01
1976-05-26,herrma01
1976-05-27,parkri01
1976-05-27,vasilhe01
1976-06-02,marhajo01
1976-06-04,primewa01
1976-06-10,skrlaro01
1976-06-14,johnsry01
1976-06-21,lowre01
1976-06-22,luomami01
1976-06-24,lerouje01
1976-06-26,jovaned01
1976-07-02,vokouto01
1976-07-03,belakwa01
1976-07-05,zingedw01
1976-07-06,dingmch01
1976-07-06,crozigr01
1976-07-09,morgaga01
1976-07-12,boyleda01
1976-07-12,millacr01
1976-07-13,sourash01
1976-07-13,verotda01
1976-07-14,bartelu01
1976-07-20,giroura01
1976-07-27,trnkapa01
1976-07-30,markoda01
1976-08-01,nemirda01
1976-08-05,friesje01
1976-08-11,visnolu01
1976-08-12,lukowbr01
1976-08-17,boulter01
1976-08-20,drurych01
1976-08-21,brookal01
1976-08-27,millscr01
1976-08-31,martira01
1976-09-02,majesiv01
1976-09-03,obsutja01
1976-09-09,ohlunma01
1976-09-11,vigiejp01
1976-09-13,theodjo01
1976-09-13,vonarre01
1976-09-17,bierkza01
1976-09-20,hlavaja01
1976-09-24,gurenmi01
1976-09-27,cowanje01
1976-09-27,langkda01
1976-10-01,gauthde01
1976-10-01,svejkja01
1976-10-03,larocmi02
1976-10-09,morgaja01
1976-10-10,doansh01
1976-10-11,purinda01
1976-10-14,tjarnda01
1976-10-19,shearro01
1976-10-19,smithda02
1976-10-24,wilmcl01
1976-10-26,kellyst01
1976-10-26,kiprumi01
1976-11-01,minarmi01
1976-11-02,cullema01
1976-11-05,brownse01
1976-11-06,michaal01
1976-11-08,bednaja01
1976-11-10,leclemi01
1976-11-10,hlinkja01
1976-11-14,churcbr01
1976-11-14,schulra01
1976-11-19,sykorpe01
1976-11-24,laflach01
1976-11-26,darchma01
1976-11-27,kilgech01
1976-12-07,laraqge01
1976-12-08,perrona01
1976-12-19,houdeer01
1976-12-20,delmoan01
1976-12-23,samuemi01
1976-12-23,clarkbr01
1976-12-26,tertydm01
1976-12-27,pisanfe01
1976-12-28,grattbe01
1976-12-29,kubafi01
1976-12-30,culleda01
1977-01-02,bouchbr01
1977-01-02,pisaal01
1977-01-04,nabokdm01
1977-01-07,sopelbr01
1977-01-12,mcbaimi01
1977-01-14,ryante01
1977-01-14,kurtzju01
1977-01-14,macledo01
1977-01-19,parssti01
1977-01-27,kallito01
1977-01-29,doigja01
1977-01-30,hinotda01
1977-02-02,grandje01
1977-02-02,parrima01
1977-02-03,zidlima01
1977-02-07,comripa01
1977-02-11,haydw01
1977-02-13,smithwy01
1977-02-15,petroro02
1977-02-16,morozal01
1977-02-26,reasoma01
1977-03-03,robidst01
1977-03-05,berarbr01
1977-03-06,vaiclu01
1977-03-09,dvorara01
1977-03-11,handzmi01
1977-03-11,lawki01
1977-03-12,johnsbr02
1977-03-18,charazd01
1977-03-20,adamsbr01
1977-03-22,potito01
1977-03-22,kwiatjo01
1977-03-24,kuznema01
1977-03-28,laplada01
1977-03-28,rasmuer01
1977-03-30,naumegr01
1977-04-01,pirnees01
1977-04-05,letowtr01
1977-04-06,niemivi01
1977-04-07,macdocr01
1977-04-11,duerdda01
1977-04-15,pothibr01
1977-04-15,kubinpa01
1977-04-18,lacouda01
1977-04-18,charpse01
1977-04-20,mannca01
1977-04-21,elomomi01
1977-04-23,mitchwi01
1977-04-24,ritchby01
1977-04-25,dubech01
1977-04-26,buzekpe01
1977-04-26,adamscr01
1977-04-27,ulmerje01
1977-04-27,macneia01
1977-05-04,trippjo01
1977-05-05,somikra01
1977-05-05,bykovdm01
1977-05-06,chouima01
1977-05-06,eatonma01
1977-05-07,isbisbr01
1977-05-09,wesenbr01
1977-05-10,hamelde01
1977-05-13,smithdj01
1977-05-16,gigueje01
1977-05-19,wareje01
1977-05-20,toskave01
1977-05-24,delisxa01
1977-05-24,orszavl01
1977-05-29,mccaual01
1977-05-31,leebgr01
1977-05-31,tenkrpe01
1977-06-04,audetph01
1977-06-07,rosapa01
1977-06-12,reddewa01
1977-06-13,willish01
1977-06-16,brigltr01
1977-06-17,whitftr01
1977-06-17,pettito01
1977-06-18,mclarky01
1977-06-20,corvojo01
1977-06-21,hechtjo01
1977-06-22,gosseda01
1977-06-28,larsebr01
1977-06-30,delisjo01
1977-07-01,iginlja01
1977-07-01,spanhma01
1977-07-12,schaepe01
1977-07-17,savarma01
1977-07-17,moroma01
1977-07-17,langfjo01
1977-07-19,aubinje01
1977-07-23,clemmsc01
1977-07-23,youngbj01
1977-07-23,thornsh01
1977-07-28,bergak01
1977-08-01,denisma01
1977-08-08,thompro01
1977-08-08,berenbu01
1977-08-09,davidma01
1977-08-15,bironma01
1977-08-18,worrepe01
1977-08-20,valiqst01
1977-08-24,classgr01
1977-08-25,mcdonan01
1977-09-01,vasilal02
1977-09-04,hamilje01
1977-09-08,mckeeja01
1977-09-10,ratchpe01
1977-09-22,niemian01
1977-09-23,descoma01
1977-09-25,lydmato01
1977-09-25,volchal01
1977-09-29,brookwa01
1977-09-29,simjo01
1977-10-06,brierda01
1977-10-15,hartima01
1977-10-24,smithma01
1977-10-29,higgima01
1977-10-30,cierniv01
1977-10-30,westcdu01
1977-11-10,defaubr01
1977-11-15,lintnri01
1977-11-16,greenjo01
1977-12-11,streima01
1977-12-12,whiteco01
1977-12-16,belaner01
1977-12-17,pahlssa01
1977-12-22,kariyst01
1977-12-23,pilarka01
1977-12-26,gorenle01
1977-12-27,bellebl01
1977-12-27,hedstjo01
1977-12-31,fochtda01
1978-01-02,babenyu01
1978-01-03,yorkmi01
1978-01-09,garonma01
1978-01-12,boumejo01
1978-01-15,belanfr01
1978-01-15,severca01
1978-01-18,holdejo01
1978-01-21,yakusdm01
1978-01-21,zyuzian01
1978-01-22,eschero01
1978-01-23,sonnema01
1978-01-24,farkaje01
1978-01-25,dwyergo01
1978-01-29,parkesc01
1978-01-30,dubiewa01
1978-02-01,hoggaje01
1978-02-07,aebisda01
1978-02-12,royerre01
1978-02-13,murphco01
1978-02-13,backsni01
1978-02-19,hedinpi01
1978-02-23,snydeda01
1978-02-25,cisarma01
1978-03-01,nilsoma01
1978-03-01,paulje01
1978-03-02,kaberto01
1978-03-03,tetarjo01
1978-03-04,dagenpi01
1978-03-04,pelleje01
1978-03-09,phillch02
1978-03-10,wallije01
1978-03-15,colliro01
1978-03-16,willsbr01
1978-03-18,bulisja01
1978-03-19,mottami01
1978-03-23,clarkda02
1978-04-01,dumonjp01
1978-04-03,corsoda01
1978-04-04,fibigje01
1978-04-11,clymebe01
1978-04-13,ashamar01
1978-04-16,deverbo01
1978-04-18,kanebo01
1978-04-24,larocma01
1978-04-28,tappebr01
1978-04-29,kapanni01
1978-05-02,weavemi01
1978-05-04,goveda01
1978-05-08,allench01
1978-05-09,podkoan01
1978-05-12,walsede01
1978-05-24,aitkejo01
1978-05-24,holmqjo01
1978-06-02,wardla01
1978-06-09,zieglth01
1978-06-12,kuznigr01
1978-06-12,lehtomi01
1978-06-13,bradlma01
1978-06-14,simonbe01
1978-06-14,beginst01
1978-06-16,zubruda01
1978-06-17,rochetr01
1978-06-18,hejdaja01
1978-06-22,tezikal01
1978-06-28,jackmri01
1978-07-03,chrisry01
1978-07-05,hajtch01
1978-07-12,rycroma01
1978-07-17,guitebe01
1978-07-20,datsypa01
1978-07-21,rudkoco01
1978-07-21,varlase01
1978-07-24,korolev01
1978-07-26,kvashol01
1978-07-27,garnety01
1978-08-01,scottri01
1978-08-09,skrbepa01
1978-08-10,bouleje01
1978-08-13,komarze01
1978-08-14,mcleabr01
1978-08-16,saricco01
1978-08-24,morride01
1978-09-03,ortmeje01
1978-09-03,rozsimi01
1978-09-07,cookema01
1978-09-08,sturmma01
1978-09-14,ledinpe01
1978-09-15,posmyma01
1978-09-17,hendeja01
1978-09-17,horcosh01
1978-09-22,moorest01
1978-09-24,balach01
1978-10-11,butsayu01
1978-10-20,farremi01
1978-10-26,rissmpa01
1978-10-27,peterto01
1978-10-27,samsose01
1978-10-28,cullema02
1978-10-28,betikka01
1978-10-28,gronst01
1978-10-29,corrich02
1978-11-04,berryri01
1978-11-06,aucoike01
1978-11-06,coleer01
1978-11-07,readyry01
1978-11-10,schnaro01
1978-11-10,huselkr01
1978-11-14,allenbo01
1978-11-20,piroska01
1978-12-03,preisto01
1978-12-03,bicekji01
1978-12-05,jokinol01
1978-12-10,zehrje01
1978-12-18,clearda01
1978-12-20,markoan01
1978-12-21,sykorpe02
1978-12-23,kotalal01
1978-12-28,freadky01
1978-12-30,scudero01
1979-01-01,ivanara01
1979-01-04,colleke01
1979-01-05,caldeky01
1979-01-10,tallihe01
1979-01-12,hossama01
1979-01-14,boyntni01
1979-01-16,wardja01
1979-01-16,morrobr01
1979-01-18,fedotru01
1979-01-18,giontbr01
1979-01-20,melicjo01
1979-01-20,tselini01
1979-01-21,henrybu01
1979-01-23,hannasc01
1979-01-23,novosiv01
1979-01-24,kostoto01
1979-01-26,drukeha01
1979-01-26,gainest01
1979-01-29,domero01
1979-01-30,gillitr01
1979-02-04,smithje01
1979-02-11,reichje01
1979-02-12,mikape01
1979-02-13,fedorto01
1979-02-15,mairad01
1979-02-16,smrekpe01
1979-02-18,bonniry01
1979-02-22,jonesty01
1979-02-25,dipenjo01
1979-02-28,stutzmi01
1979-03-01,mcdonke01
1979-03-07,balmoma01
1979-03-14,kavanpa01
1979-03-15,fortije01
1979-03-16,arnasty01
1979-03-17,ferenan01
1979-03-20,moranbr01
1979-03-23,smithni01
1979-03-27,barnesc01
1979-03-30,macmije01
1979-04-02,ferenbr01
1979-04-04,luongro01
1979-04-06,yeatsma01
1979-04-07,dupuipa01
1979-04-10,lasakja01
1979-04-11,riesemi01
1979-04-14,gocsa01
1979-04-15,tjarnma01
1979-04-15,mannipa01
1979-04-17,breweer01
1979-04-18,schaspe01
1979-04-21,corazca01
1979-04-27,brownmi01
1979-05-02,chimeja01
1979-05-02,lyashro01
1979-05-04,huskike01
1979-05-07,payerse01
1979-05-07,nychola01
1979-05-11,faheyji01
1979-05-14,vanrymi01
1979-05-19,arkhide01
1979-05-21,dimitni01
1979-05-21,minkgr01
1979-05-23,campbbr02
1979-05-28,hussema01
1979-05-30,lessafr01
1979-05-30,bishami01
1979-06-01,nagyla01
1979-06-08,holmqmi01
1979-06-08,pletkva01
1979-06-08,laingqu01
1979-06-09,leahypa01
1979-06-10,tkaczda01
1979-06-11,clarkno02
1979-06-16,polloja01
1979-06-17,noronmi01
1979-06-18,neilch01
1979-06-20,giulije01
1979-06-21,gustade01
1979-06-27,santato01
1979-06-28,nordgni01
1979-06-29,pohljo01
1979-07-02,thornjo01
1979-07-11,morrimi01
1979-07-15,doellke01
1979-07-19,divisto01
1979-07-21,damphje01
1979-07-26,westrer01
1979-07-26,sarnope01
1979-08-01,dusabbe01
1979-08-20,kolesvi01
1979-08-23,greenmi02
1979-08-27,leebbr01
1979-08-27,rachuka01
1979-09-02,hubacpe01
1979-09-02,leachja02
1979-09-03,dahlmto01
1979-09-04,afinoma01
1979-09-07,marapa01
1979-09-15,marlepa01
1979-09-15,pandomi01
1979-09-16,underma01
1979-09-19,tellqmi01
1979-09-22,elichma01
1979-09-26,kunitch01
1979-10-02,vauclju01
1979-10-05,sanfocu01
1979-10-05,sejnape01
1979-10-10,zizkato01
1979-10-18,henryal01
1979-10-22,haydada01
1979-10-27,desropa01
1979-10-28,skoulma01
1979-11-06,stuarbr01
1979-11-07,commomi01
1979-11-21,tangual01
1979-11-28,balasja01
1979-12-01,malonry01
1979-12-05,hagmani01
1979-12-13,chubaar01
1979-12-17,murlema01
1979-12-18,fingeje01
1979-12-18,siklemi01
1979-12-21,montast01
1979-12-23,gomezsc01
1979-12-23,franzjo01
1979-12-29,parroge01
1980-01-02,zalesmi01
1980-01-10,stanara01
1980-01-13,bouckty01
1980-01-13,ruppmi01
1980-01-15,papinju01
1980-01-15,schaeno01
1980-01-17,kraftmi01
1980-01-17,heereje01
1980-01-18,labarja01
1980-01-28,staffga01
1980-01-30,barnery01
1980-02-07,macdojo01
1980-02-10,ribeimi01
1980-02-12,fatari01
1980-02-13,kutlazd01
1980-02-14,milleno01
1980-02-16,olvesji01
1980-02-16,nielsch01
1980-02-16,bettsbl01
1980-02-18,antroni01
1980-02-21,vandeji01
1980-02-21,fastbr01
1980-02-27,sauveph01
1980-02-29,gagnesi01
1980-03-04,zinovse01
1980-03-04,jokelmi01
1980-03-06,rourkal01
1980-03-07,kloucto01
1980-03-07,godarer01
1980-03-10,peatst01
1980-03-12,murrado01
1980-03-12,berglch01
1980-03-14,motzkjo01
1980-03-15,jardiry01
1980-03-16,kristja01
1980-03-18,vishnvi01
1980-03-19,heistba01
1980-03-21,bezingo01
1980-03-21,yabloje01
1980-03-24,abidra01
1980-03-24,hutchan01
1980-03-26,janikdo01
1980-03-26,barchkr01
1980-03-29,pivkoli01
1980-03-31,rydermi01
1980-04-04,strosga01
1980-04-05,glumami01
1980-04-07,walkema01
1980-04-09,ponikal01
1980-04-10,averyse01
1980-04-11,chouima02
1980-04-15,duponmi01
1980-04-19,regehro01
1980-04-19,walliri01
1980-04-20,flinnry01
1980-04-21,lecavvi01
1980-04-28,backmch01
1980-04-29,bironma02
1980-04-30,nedoran01
1980-05-01,davisro01
1980-05-02,richabr01
1980-05-03,beauder01
1980-05-04,raycran01
1980-05-05,peteran01
1980-05-09,fiddlve01
1980-05-12,afanadm01
1980-05-16,ryanmi01
1980-05-16,koalsma01
1980-05-17,cibakma01
1980-05-18,malhoma01
1980-05-24,eklunbr01
1980-05-25,woznian01
1980-05-26,lessaju01
1980-05-27,girarjo01
1980-05-27,hausead01
1980-06-01,svoboja01
1980-06-01,weinhma01
1980-06-04,beaucfr01
1980-06-05,zanongr01
1980-06-05,fishemi01
1980-06-09,rossiky01
1980-06-18,niittan01
1980-06-19,ellisda01
1980-06-20,svobope02
1980-06-22,bryzgil01
1980-06-23,marteto01
1980-06-25,caronse01
1980-06-26,erskijo01
1980-06-29,ryanpr01
1980-07-03,miettan01
1980-07-05,huntetr01
1980-07-08,chouier01
1980-07-15,cheecjo01
1980-07-17,millery01
1980-07-19,tanabda01
1980-07-20,arsende01
1980-07-22,kalindm01
1980-07-24,jillsje01
1980-07-24,printda01
1980-07-31,fischji01
1980-08-03,leopojo01
1980-08-03,mooredo01
1980-08-05,bellma01
1980-08-08,macinst01
1980-08-10,hordida01
1980-08-11,willija01
1980-08-12,heminco01
1980-08-14,hallad01
1980-08-17,legwada01
1980-08-18,vaanaos01
1980-08-21,allenbr01
1980-08-22,stjacbr01
1980-08-27,brennki01
1980-08-28,frogrjo01
1980-08-31,stuarmi01
1980-09-02,sabouda01
1980-09-11,comrimi01
1980-09-12,vasicjo01
1980-09-14,ulmerla01
1980-09-16,stefapa01
1980-09-17,keefesh01
1980-09-26,sedinhe01
1980-09-26,sedinda01
1980-09-26,orpikbr01
1980-10-03,brooksh01
1980-10-08,mezeibr01
1980-10-09,zettehe01
1980-10-13,bergema02
1980-10-17,ralphbr01
1980-10-21,dantomi01
1980-10-22,pettima01
1980-10-31,durnoch01
1980-11-01,hahlri01
1980-11-02,mcleaku01
1980-11-02,grenima01
1980-11-03,carknma01
1980-11-11,kellych01
1980-11-13,kolniju01
1980-11-21,shvidde01
1980-11-24,radivbr01
1980-11-24,fritzmi01
1980-11-25,lilesjo01
1980-12-02,wardjo02
1980-12-09,baydary01
1980-12-30,lysakbr01
1981-01-02,konopze01
1981-01-03,gamacsi01
1981-01-04,meyerfr01
1981-01-07,kulesmi01
1981-01-07,auldal01
1981-01-11,mapleju01
1981-01-12,kronwni01
1981-01-14,blatnzd01
1981-01-16,lundmja01
1981-01-16,sauerku01
1981-01-17,wellecr01
1981-01-17,zigommi01
1981-01-19,lupasro01
1981-01-21,heatlda01
1981-01-21,sivekmi01
1981-01-22,surmada01
1981-01-22,lajeusi01
1981-01-29,wanviky01
1981-01-29,tvrdoro01
1981-02-03,mccarst01
1981-02-05,beechkr01
1981-02-06,hilbean01
1981-02-12,sapryol01
1981-02-19,sigaljo01
1981-02-19,taffeje01
1981-02-21,loynsly01
1981-02-24,anderjo02
1981-02-26,dallmke01
1981-02-26,safroki01
1981-03-01,winchbr01
1981-03-02,faheybr01
1981-03-05,jackmba01
1981-03-05,martipa01
1981-03-07,mackeaa01
1981-03-09,reidbr01
1981-03-15,sloanty01
1981-03-23,brendpa01
1981-03-24,hainsro01
1981-03-25,wisemch01
1981-03-26,centose01
1981-03-29,konstev01
1981-03-30,disaljo01
1981-04-01,yonkmno01
1981-04-05,stephch01
1981-04-06,morisda02
1981-04-08,jaspeja01
1981-04-09,bartomi01
1981-04-10,semenal01
1981-04-11,burroal01
1981-04-17,koltsko01
1981-04-19,havlama01
1981-04-19,pikkail01
1981-05-07,lefebgu01
1981-05-07,connoti01
1981-05-12,kocida01
1981-05-12,kearnbr01
1981-05-16,berkhad01
1981-05-19,leighmi01
1981-05-21,andercr01
1981-05-21,sellalu01
1981-05-21,kudrokr01
1981-06-11,mackede01
1981-06-11,fedorfe01
1981-06-13,vrbatra01
1981-06-14,krestjo01
1981-06-15,caldwry01
1981-06-15,janceda01
1981-06-16,biekske01
1981-06-16,giroual01
1981-06-17,hendrma01
1981-06-17,ouellma01
1981-06-18,haleda01
1981-06-21,danisya01
1981-06-24,skolnwa01
1981-06-30,alberan01
1981-06-30,jaffrja01
1981-07-02,vorosaa01
1981-07-04,melinbj01
1981-07-13,olsonjo01
1981-07-13,finlebr01
1981-07-13,pyorami01
1981-07-18,seidede01
1981-07-21,helblti01
1981-07-23,jonesra01
1981-07-24,backljo01
1981-07-25,ritaja01
1981-07-27,kolankr01
1981-08-05,frisctr01
1981-08-08,salmeto01
1981-08-16,exelbga01
1981-08-19,pyattta01
1981-08-26,rallogr01
1981-08-29,eratma01
1981-08-31,ellisma02
1981-09-02,mcgrabr01
1981-09-06,humliv01
1981-09-14,kingja01
1981-09-18,kukkola01
1981-09-19,dipieri01
1981-09-22,niskaja01
1981-09-24,surovto01
1981-10-01,oduyajo01
1981-10-04,williju01
1981-10-08,torrera01
1981-10-12,hossama02
1981-10-15,stevegr01
1981-11-02,bootlda01
1981-11-06,murraan02
1981-11-14,jackmti01
1981-11-16,veillst01
1981-11-18,minarch01
1981-11-24,fosteku01
1981-12-02,pockth01
1981-12-10,bourqre01
1981-12-14,kurkato01
1981-12-21,endicsh01
1981-12-27,alexeni01
1981-12-27,sharppa01
1981-12-28,mossda01
1981-12-29,cuttaja01
1981-12-31,robinna01
1982-01-02,jonssla01
1982-01-06,craigry01
1982-01-15,lebdabr01
1982-01-15,sugloal01
1982-01-15,mcvicro01
1982-01-16,evansbr01
1982-01-19,komismi01
1982-01-19,mcmorse01
1982-01-25,samuema01
1982-01-28,smirnal01
1982-01-31,sprukja01
1982-02-03,gaustpa01
1982-02-05,kopecto01
1982-02-05,schubch01
1982-02-09,smithna02
1982-02-12,hillejo01
1982-02-14,gaborma01
1982-02-16,yakubmi01
1982-02-19,newbukr01
1982-02-22,balejjo01
1982-02-22,germyca01
1982-02-25,volchan01
1982-03-01,suthebr01
1982-03-02,lundqhe01
1982-03-02,lundqjo01
1982-03-03,orrco01
1982-03-05,ouellmi01
1982-03-08,ersbeer01
1982-03-13,malmiol01
1982-03-15,aulinja01
1982-03-15,steckda01
1982-03-16,coteri01
1982-03-16,robitlo01
1982-03-16,nedorva01
1982-03-18,lombama01
1982-03-21,kleslro01
1982-03-22,smithmi02
1982-03-22,conboti01
1982-03-24,cavanto01
1982-03-27,larosch01
1982-04-02,krahnbr01
1982-04-04,bochebr01
1982-04-05,vernakr01
1982-04-05,engelde01
1982-04-06,moentr01
1982-04-07,vescery01
1982-04-08,lehouya01
1982-04-17,kobasch01
1982-04-17,boyesbr01
1982-04-18,hartnsc01
1982-04-19,immonja01
1982-04-22,coteje01
1982-04-26,nordqjo01
1982-05-02,mojzito01
1982-05-03,umberrj01
1982-05-05,vorobpa01
1982-05-07,novakfi01
1982-05-11,pesonja01
1982-05-13,malecto01
1982-05-22,jacingr01
1982-06-08,cammami01
1982-06-10,mauldgr01
1982-06-17,koistvi01
1982-06-17,svatoma01
1982-06-19,froloal01
1982-06-22,linglch01
1982-06-23,boogade01
1982-06-25,stollja01
1982-06-25,ondrube01
1982-06-29,mormijo01
1982-07-06,ehrhoch01
1982-07-08,stuarco01
1982-07-08,peverri01
1982-07-09,staplti01
1982-07-10,peterwa01
1982-07-20,vermean01
1982-07-29,reitzer01
1982-08-19,ottst01
1982-08-20,petiori01
1982-08-23,radulig01
1982-08-25,jamesco01
1982-08-25,schulni01
1982-08-26,welchno01
1982-08-31,lampmbr01
1982-08-31,mikhnal01
1982-09-09,grattjo01
1982-09-10,kronwst01
1982-09-14,pruchpe01
1982-09-17,murraga01
1982-09-17,fukufyu01
1982-09-18,budajpe01
1982-09-18,rossja01
1982-09-20,bacasja01
1982-09-26,scottjo01
1982-09-28,schulje01
1982-09-28,pennedu01
1982-09-28,emeryra01
1982-09-30,clowery01
1982-09-30,stastya01
1982-10-11,popovma01
1982-10-24,globkro01
1982-10-30,greenan01
1982-10-31,plekato01
1982-11-03,harrija01
1982-11-03,svitoal01
1982-11-03,rinnepe01
1982-11-07,leclapa01
1982-11-09,iggulmi01
1982-11-12,munroad01
1982-11-13,pihlmtu01
1982-11-21,zeilejo01
1982-11-23,armstco01
1982-11-25,garnemi01
1982-11-26,ballake01
1982-11-30,pominja01
1982-12-09,slateji01
1982-12-10,guenina01
1982-12-13,hamhuda01
1982-12-17,oystrna01
1982-12-20,callajo02
1982-12-23,michazb01
1982-12-23,morrish01
1982-12-28,glenccu01
1983-01-02,ebbetan01
1983-01-04,jarreco01
1983-01-06,burisad01
1983-01-10,gilbeto01
1983-01-17,regehri01
1983-01-18,siferja01
1983-01-20,kondrma01
1983-01-27,colaica01
1983-01-29,gleasti01
1983-02-02,tootojo01
1983-02-03,patzodi01
1983-02-04,stemple01
1983-02-06,jensejo01
1983-02-07,spillma01
1983-02-08,milrodu01
1983-02-09,ferlajo01
1983-02-11,climima01
1983-02-14,nystrer01
1983-02-16,ruututu01
1983-02-19,ryznaja01
1983-02-19,whitnry01
1983-03-02,shannry01
1983-03-02,mccleja01
1983-03-11,krajilu01
1983-03-12,koivumi01
1983-03-20,widemde01
1983-03-22,paddoca01
1983-03-24,parenpi01
1983-03-28,plihato01
1983-03-30,paetsna01
1983-03-30,brodemi01
1983-03-31,bellbr02
1983-04-01,jokinju01
1983-04-02,fusseow01
1983-04-02,tenutjo01
1983-04-03,weissst01
1983-04-03,crabbjo01
1983-04-04,lynchdo01
1983-04-04,artyuev01
1983-04-05,wilsocl02
1983-04-06,perrajo01
1983-04-11,mckenmi01
1983-04-11,keithma01
1983-04-14,tallaba01
1983-04-15,kovalil01
1983-04-17,chistst01
1983-04-18,mccorco01
1983-04-20,vandeda01
1983-04-23,hollwry01
1983-04-25,chiodan01
1983-04-30,johnsaa01
1983-05-03,millsbr01
1983-05-04,royde01
1983-05-06,sjostfr01
1983-05-08,reidda03
1983-05-13,greenma01
1983-05-16,wellwky01
1983-05-18,foyma01
1983-05-20,blackda01
1983-05-23,mcelhcu01
1983-05-23,lenevda01
1983-06-01,boisda01
1983-06-02,higgich01
1983-06-03,thorbch01
1983-06-07,jurcimi01
1983-06-08,mcneigr01
1983-06-08,harrope01
1983-06-10,shishti01
1983-06-13,spezzja01
1983-06-16,pellepa01
1983-06-20,thomabi01
1983-06-22,helmidw01
1983-06-22,dwyerpa01
1983-06-23,laichbr01
1983-06-24,macindr01
1983-06-28,skinnbr01
1983-06-29,timonju01
1983-06-30,stewaka01
1983-07-12,segalbr01
1983-07-14,zabama01
1983-07-16,keithdu01
1983-07-18,nolanbr01
1983-07-19,tyutife01
1983-07-28,fatadr01
1983-07-28,fortuma01
1983-07-29,kaigoal01
1983-08-03,cartery01
1983-08-08,brustba01
1983-08-08,jonesma01
1983-08-09,obriesh01
1983-08-10,perezal01
1983-08-10,royma01
1983-08-11,stpiema01
1983-08-12,novotji01
1983-08-13,hemskal01
1983-08-19,makito01
1983-08-24,gocma01
1983-08-29,niemian02
1983-09-01,woywije01
1983-09-13,stephsh01
1983-09-14,michaol01
1983-09-19,pitkajo01
1983-09-22,taticpe01
1983-09-23,lupuljo01
1983-09-27,romeaa01
1983-09-27,bouwmja01
1983-09-29,lawsona01
1983-10-03,giordma01
1983-10-04,winchje01
1983-10-06,leinovi01
1983-10-07,upshasc01
1983-10-09,giontst01
1983-10-09,daleytr01
1983-10-11,grebede01
1983-10-19,gordobo01
1983-10-26,bagnadr01
1983-10-30,collise01
1983-10-31,emingst01
1983-11-01,moulsma01
1983-11-08,thorepa01
1983-11-12,ryanma01
1983-11-15,greenky01
1983-11-16,lehtoka01
1983-11-27,karlshe01
1983-11-29,glassta01
1983-12-05,lindsjo01
1983-12-08,ellisma01
1983-12-17,chriser01
1983-12-17,campbgr01
1983-12-19,stajama01
1983-12-23,connech01
1984-01-04,hudleji01
1984-01-05,potteco01
1984-01-06,kellery01
1984-01-09,morintr01
1984-01-19,boychjo01
1984-01-19,vanekth01
1984-01-20,gauthga01
1984-01-21,stephto01
1984-01-22,eagerbe01
1984-01-26,willije01
1984-01-27,kingdj01
1984-01-31,grabomi01
1984-02-02,granttr01
1984-02-07,westgke01
1984-02-07,kankope01
1984-02-08,bergese01
1984-02-11,talboma01
1984-02-16,obriedo01
1984-02-17,milledr01
1984-02-17,mannipe01
1984-02-20,lovejbe01
1984-02-21,wisnija01
1984-02-23,hendrjo02
1984-02-23,deveaan01
1984-02-27,curryjo01
1984-02-29,wardca01
1984-03-01,steenal01
1984-03-02,ericsjo01
1984-03-03,seminal01
1984-03-06,wagnest01
1984-03-10,brentti01
1984-03-16,prustbr01
1984-03-18,johanjo02
1984-03-20,filppva01
1984-03-26,mooregr01
1984-03-26,howarji01
1984-03-28,jessihu01
1984-03-29,tolleol01
1984-03-31,clarkda03
1984-04-13,petrele01
1984-04-13,tambeje01
1984-04-15,janssca01
1984-04-15,paillda01
1984-04-20,huntja01
1984-04-21,meechde01
1984-04-22,rodnebr01
1984-04-24,sterlbr01
1984-04-24,nielsfr01
1984-04-27,stuarma01
1984-04-27,bouchpi02
1984-04-29,girarda01
1984-05-01,eavespa01
1984-05-01,backeda01
1984-05-06,babchan01
1984-05-08,lockeco01
1984-05-11,waltebe01
1984-05-12,campbda02
1984-05-15,drouije01
1984-05-16,fleisto01
1984-05-16,rypieri01
1984-05-17,radunna01
1984-05-18,toivoha01
1984-05-25,brodzky01
1984-05-26,goertst01
1984-05-29,pardyad01
1984-05-29,portech01
1984-05-30,sulzeal01
1984-06-04,whiteia01
1984-06-05,weimaty01
1984-06-05,klepija01
1984-06-06,benoian01
1984-06-12,barinmi01
1984-06-14,jonesry01
1984-06-16,nashri01
1984-06-18,hardijo01
1984-06-22,beckfch01
1984-06-26,mcleoco01
1984-07-05,piskujo01
1984-07-07,boyceda01
1984-07-09,campoch01
1984-07-11,paveljo01
1984-07-15,joudran01
1984-07-19,obyrnry01
1984-07-20,gilroma01
1984-07-21,bitzby01
1984-07-28,staubbr01
1984-07-28,parisza01
1984-08-01,richmda01
1984-08-06,wallati01
1984-08-10,jonesda01
1984-08-13,salmean01
1984-08-14,gorgejo01
1984-08-17,murrabr02
1984-08-26,fosteal01
1984-08-28,sestiti01
1984-08-29,reesedy01
1984-08-31,keslery01
1984-08-31,regiest01
1984-09-01,pellero02
1984-09-05,parsesc01
1984-09-05,potulry01
1984-09-06,irmenda01
1984-09-12,rangepa01
1984-09-24,lundimi01
1984-09-25,carlema01
1984-09-29,floodma01
1984-09-30,mcdonco01
1984-10-02,filewjo01
1984-10-03,gervabr01
1984-10-04,kontipe01
1984-10-05,thompna01
1984-10-10,poppeto01
1984-10-13,smithde05
1984-10-14,smabyma01
1984-10-17,lepissa01
1984-10-18,liffida01
1984-10-22,pihlsan01
1984-10-24,gustajo01
1984-10-29,staaler01
1984-10-30,stracty01
1984-11-02,ramhoti01
1984-11-04,browndu01
1984-11-05,enstrto01
1984-11-05,zherdni01
1984-11-08,armstri01
1984-11-13,heikkil01
1984-11-13,garrija01
1984-11-18,krepska01
1984-11-22,drewida01
1984-11-24,boothda01
1984-11-25,tarnani01
1984-11-28,fleurma01
1984-12-07,wathifr01
1984-12-07,michami01
1984-12-12,mooremi01
1984-12-13,kleinke01
1984-12-15,wilsoky01
1984-12-17,whitmde01
1984-12-18,boylebr01
1984-12-31,crawfco01
1985-01-01,carteje01
1985-01-03,bellesh01
1985-01-05,stewaan01
1985-01-06,brineda01
1985-01-06,mcivena01
1985-01-10,nilssro01
1985-01-11,tordjjo01
1985-01-13,collije01
1985-01-16,marjama01
1985-01-20,lewisgr01
1985-01-21,suterry01
1985-01-22,grossni01
1985-01-22,mitchjo02
1985-01-25,bodietr01
1985-01-28,fraseco01
1985-01-28,carcida01
1985-01-29,tolpede01
1985-01-30,mitchto01
1985-02-01,osullpa01
1985-02-03,kostian01
1985-02-04,letesma01
1985-02-04,richabr02
1985-02-06,brunnfa01
1985-02-07,hennejo01
1985-02-08,smithtr01
1985-02-09,dawesni01
1985-02-11,richami02
1985-02-12,pushkko01
1985-02-12,houlema01
1985-02-13,montoal01
1985-02-17,ruzicst01
1985-02-19,sawadra01
1985-02-19,stonecl01
1985-02-23,elkinco01
1985-02-25,fritsja01
1985-02-27,coburbr01
1985-03-04,dowelja01
1985-03-06,winnida01
1985-03-09,burnsbr01
1985-03-11,bissopa01
1985-03-14,peltide01
1985-03-20,stonery01
1985-03-21,callary01
1985-03-27,byfugdu01
1985-03-29,vranape01
1985-03-29,lapiema01
1985-03-31,bernist01
1985-04-03,colemge01
1985-04-06,sloanda01
1985-04-06,macarcl01
1985-04-09,elliobr01
1985-04-10,phanedi01
1985-04-14,clitsgr01
1985-04-14,salcibr01
1985-04-15,hamilry01
1985-04-20,seabrbr01
1985-04-20,desbigu01
1985-04-23,coulopa01
1985-04-24,dupuiph01
1985-04-24,petruja01
1985-04-25,yipbr01
1985-04-29,jacquje01
1985-05-10,getzlry01
1985-05-13,halakja01
1985-05-13,zajactr01
1985-05-15,larmadr01
1985-05-16,perryco01
1985-05-19,baraniv01
1985-05-21,hunwima01
1985-05-22,poulima01
1985-05-29,hortona01
1985-05-30,volpaaa01
1985-06-04,letoupi01
1985-06-05,holtch01
1985-06-06,earlro01
1985-06-13,syvreda01
1985-06-16,fitzgza01
1985-06-21,methoma01
1985-06-22,poweda01
1985-06-24,brownmi02
1985-06-26,boldual01
1985-06-27,polakvo01
1985-06-27,angelmi01
1985-07-01,tarkkii01
1985-07-05,picaral01
1985-07-10,plattge01
1985-07-10,crombbj01
1985-07-11,mancama01
1985-07-13,fritsda01
1985-07-15,crackad01
1985-07-16,rosehja01
1985-07-17,erikslo01
1985-07-20,meyerst01
1985-07-24,bergepa01
1985-07-25,wallmi01
1985-07-25,kinrage01
1985-07-28,borerca01
1985-07-30,heshksh01
1985-07-30,goligal01
1985-08-12,garbury01
1985-08-12,quincky01
1985-08-13,sweatle01
1985-08-14,webersh01
1985-08-17,brouwtr01
1985-08-19,lojekma01
1985-08-20,vitaljo01
1985-08-25,nikulal01
1985-09-07,fehrer01
1985-09-08,eckfoty01
1985-09-08,purcete01
1985-09-11,stortza01
1985-09-17,ovechal01
1985-09-17,raymoma01
1985-09-23,kaspalu01
1985-09-30,desjace01
1985-10-01,sharpma01
1985-10-09,picaral02
1985-10-10,oleszro01
1985-10-11,olvecpe01
1985-10-12,greenmi03
1985-10-13,meszaan01
1985-10-16,beaglja01
1985-10-16,bentise01
1985-10-30,staffdr01
1985-11-17,fraseja02
1985-11-29,carsobr01
1985-11-30,szczepa01
1985-12-10,hensitj01
1985-12-12,laddan01
1985-12-13,gordoan01
1985-12-14,santomi01
1985-12-24,johnsni01
1985-12-27,stastpa01
1985-12-30,wickro01
1986-01-05,lehmasc01
1986-01-09,diazra01
1986-01-16,nokelpe01
1986-01-17,stalbvi01
1986-01-21,quickjo01
1986-01-23,stdenfr01
1986-01-24,hilleja01
1986-01-26,kolarch01
1986-01-27,reddoli01
1986-01-29,bourqch01
1986-01-29,greisth01
1986-02-01,smidla01
1986-02-10,palmeja01
1986-02-12,sigaljo02
1986-02-14,valabbo01
1986-02-18,comeabl01
1986-02-18,cardmi01
1986-02-19,klaseli01
1986-02-19,chipcky01
1986-02-21,byersda01
1986-02-24,wolskwo01
1986-02-25,schulje02
1986-02-26,karsuma01
1986-02-27,wymanja01
1986-03-03,oneilwe01
1986-03-03,festebr01
1986-03-06,muellch01
1986-03-09,bickebr01
1986-03-09,greenco01
1986-03-10,shirose01
1986-03-10,hansoch01
1986-03-12,porteke01
1986-03-13,chuckkr01
1986-03-15,hanseja01
1986-03-17,lalibda01
1986-03-18,schneco01
1986-03-19,thiesbr01
1986-03-19,bozakty01
1986-03-28,lacosda01
1986-03-30,haleymi01
1986-04-01,schwama01
1986-04-04,barkeca01
1986-04-16,reginpe01
1986-04-21,edleral01
1986-04-22,poggeju01
1986-04-22,lisinen01
1986-04-24,gagnoaa01
1986-04-25,emelial01
1986-04-27,keetlma01
1986-04-28,krejcda01
1986-04-28,tayloda02
1986-04-28,polakro01
1986-04-29,dubinbr01
1986-04-30,kenneti01
1986-05-01,magnaol01
1986-05-04,dubnyde01
1986-05-07,prossna01
1986-05-07,khudoan01
1986-05-10,dekanma01
1986-05-11,lavaljo01
1986-05-13,verstkr01
1986-05-13,bollja01
1986-05-15,harjujo01
1986-05-21,stewagr01
1986-05-23,pineaad01
1986-05-26,vernami01
1986-05-28,wirtape01
1986-06-01,fistrma01
1986-06-05,bollada01
1986-06-08,kaletpa01
1986-06-08,sekeran01
1986-06-10,johnsch02
1986-06-16,nikitni01
1986-07-01,schrero01
1986-07-01,bertiad01
1986-07-01,ramoka01
1986-07-05,radulal01
1986-07-06,turnbtr01
1986-07-14,readma01
1986-07-14,kulemni01
1986-07-15,kennety01
1986-07-16,boyddu01
1986-07-27,desjaan01
1986-07-28,korpila01
1986-07-31,malkiev01
1986-08-01,stralan01
1986-08-06,youngbr02
1986-08-06,condrer01
1986-08-09,mccarjo01
1986-08-12,klinkro01
1986-08-15,oreskvi01
1986-08-15,funkmi01
1986-08-20,zalewst01
1986-08-30,peterju01
1986-08-31,wheelbl01
1986-09-01,tukonla01
1986-09-07,macdoan01
1986-09-09,yandlke01
1986-09-11,scrivbe01
1986-09-14,deshada01
1986-09-18,maciara01
1986-09-27,jonesbl01
1986-09-29,frasema01
1986-09-29,poulibe01
1986-09-29,lashoma01
1986-09-30,oreilca01
1986-10-06,bickest01
1986-10-12,mcquaad01
1986-10-13,matsujo01
1986-10-17,ducheje01
1986-10-20,taormma01
1986-10-23,dagosma01
1986-10-27,butlech01
1986-10-28,kassima01
1986-11-09,gunnaca01
1986-11-21,bishobe01
1986-11-22,watkima01
1986-12-02,cumisky01
1986-12-03,smolera01
1986-12-03,brophev01
1986-12-06,niskama01
1986-12-06,labripi01
1986-12-08,bisaise01
1986-12-15,blundmi01
1986-12-20,dorsede01
1986-12-20,genowch01
1986-12-23,oshietj01
1986-12-28,davispa01
1987-01-01,setogde01
1987-01-01,brulegi01
1987-01-01,hornqpa01
1987-01-04,mcardke01
1987-01-05,salakal01
1987-01-07,bassco01
1987-01-08,lewistr01
1987-01-13,johnsja02
1987-01-13,staalma01
1987-01-14,drazeni01
1987-01-18,rauch01
1987-01-20,reavery01
1987-01-21,helmda01
1987-01-21,bartuos01
1987-01-26,oreskph01
1987-01-29,mihalvl01
1987-01-29,wandeto01
1987-01-31,bollibr01
1987-02-02,kohndu01
1987-02-03,wilsory01
1987-02-04,fostebr01
1987-02-04,mcintda01
1987-02-05,jackssc01
1987-02-05,omarkli01
1987-02-10,kindlja01
1987-02-10,braunju01
1987-02-14,zubovil01
1987-02-14,pyattto01
1987-02-16,bourdlu01
1987-02-17,duponbr01
1987-02-20,hanzama01
1987-02-23,fredhkr01
1987-02-25,abdelju01
1987-02-28,nodlan01
1987-03-03,zubaran01
1987-03-06,bliznma01
1987-03-07,bergfni01
1987-03-10,rasktu01
1987-03-11,gragnma01
1987-03-14,ritolma01
1987-03-15,vandech01
1987-03-17,joslide01
1987-03-17,ryanbo01
1987-03-17,parenry01
1987-03-20,kostise01
1987-03-23,clichma01
1987-03-24,irwinbr01
1987-03-26,leebr01
1987-03-30,vlasima01
1987-03-31,nashbr01
1987-04-01,lehtomi02
1987-04-03,downist01
1987-04-09,holmsbe01
1987-04-09,hunwish01
1987-04-13,stoary01
1987-04-13,penneje01
1987-04-24,letankr01
1987-04-25,cluneri01
1987-04-26,butlebo01
1987-04-27,chornta01
1987-04-29,sextoda01
1987-04-29,ferribe01
1987-05-02,russery01
1987-05-02,russekr01
1987-05-07,schleda01
1987-05-11,thangry01
1987-05-15,faynema01
1987-05-15,holdeni01
1987-05-19,skillja01
1987-05-22,rynnaju01
1987-05-24,latengu01
1987-05-24,noreama01
1987-05-25,kalinjo01
1987-06-02,suttebr04
1987-06-06,hjalmni01
1987-06-09,omarrry01
1987-06-14,rechljo01
1987-06-14,coglian01
1987-06-22,mikkebr01
1987-06-25,merciju01
1987-06-29,finlejo01
1987-06-29,kaluspe01
1987-07-02,sobotvl01
1987-07-08,ducomi01
1987-07-24,gerbena01
1987-07-25,bachmri01
1987-07-26,martial01
1987-07-26,bennjo01
1987-07-28,staloal01
1987-08-07,crosbsi01
1987-08-07,sauermi01
1987-08-08,fransco01
1987-08-16,priceca01
1987-08-24,kopitan01
1987-08-26,lindgpe01
1987-08-27,holosjo01
1987-08-27,laakste01
1987-08-31,pavelon01
1987-09-01,zuccama01
1987-09-01,zolniha01
1987-09-03,nealja01
1987-09-04,samsoje01
1987-09-04,pelecma01
1987-09-18,trottbr02
1987-09-22,brassde01
1987-09-28,sestito01
1987-09-30,carlema02
1987-10-02,kesseph01
1987-10-05,joensje01
1987-10-05,grabnmi01
1987-10-18,wellmca01
1987-10-29,mclarfr01
1987-10-30,stewach02
1987-10-31,foligni01
1987-11-05,sneepca01
1987-11-10,peckhth01
1987-11-12,littlbr01
1987-11-15,junlajo01
1987-11-18,cluttca01
1987-11-18,thurean01
1987-11-23,backsni02
1987-11-29,kanato01
1987-12-09,petryje01
1987-12-16,webermi01
1987-12-23,engqvan01
1987-12-27,osalaos01
1988-01-01,olverma01
1988-01-04,straibr01
1988-01-05,perrema01
1988-01-10,zharkvl01
1988-01-12,giroucl01
1988-01-20,mursaja01
1988-02-03,geoffbl01
1988-02-05,summech01
1988-02-14,campama01
1988-02-16,obergev01
1988-02-16,holzeko01
1988-02-17,frolimi01
1988-02-18,vishniv01
1988-02-19,matthsh01
1988-02-25,mcbaija02
1988-02-27,jeffrdu01
1988-02-29,sangubo01
1988-03-01,helenri01
1988-03-03,frattma01
1988-03-06,rakhsrh01
1988-03-15,reimeja01
1988-03-16,tlustji01
1988-03-17,correma01
1988-03-17,whitery01
1988-03-21,johnser01
1988-03-23,neuvimi01
1988-03-29,quickke01
1988-03-30,maxwebe01
1988-04-05,smithza01
1988-04-11,irvinle01
1988-04-12,wingeto01
1988-04-14,muellpe01
1988-04-15,mielean01
1988-04-16,okposky01
1988-04-20,boninni01
1988-04-22,vasyual01
1988-04-22,galiatj01
1988-04-23,maroopa01
1988-04-25,sheppja01
1988-04-27,varlasi01
1988-04-29,toewsjo01
1988-04-30,welshje01
1988-04-30,simssh01
1988-05-03,lindban01
1988-05-11,marchbr03
1988-05-12,tikhovi01
1988-05-18,daugaka01
1988-05-19,wishaty01
1988-05-24,anisiar01
1988-05-28,perroda01
1988-05-29,masonst01
1988-06-01,halisma01
1988-06-01,emmerco01
1988-06-02,berglpa01
1988-06-04,bartkma01
1988-06-07,lucicmi01
1988-06-07,belesma01
1988-06-09,demerja02
1988-06-25,enrotjh01
1988-07-06,campeca01
1988-07-10,muellma01
1988-07-11,smithbe01
1988-07-11,bodnaan01
1988-07-18,koskimi01
1988-07-25,kuldaar01
1988-08-05,mcginja01
1988-08-05,weiseda01
1988-08-07,bernijo01
1988-08-23,hagelca01
1988-08-25,dibenju01
1988-08-26,simmowa01
1988-09-10,staaljo01
1988-09-10,mcmilca01
1988-09-19,spalini01
1988-09-20,bobrose01
1988-09-20,mashibr01
1988-09-21,sweatbi01
1988-09-23,weberya01
1988-09-23,hamilza01
1988-09-24,kampfst01
1988-09-24,alzneka01
1988-10-01,caputlu01
1988-10-11,falkju01
1988-10-14,machasp01
1988-11-05,ellerke01
1988-11-19,kanepa01
1988-11-20,pacioma01
1988-12-15,gustaer01
1988-12-24,maclebr02
1988-12-31,repikmi01
1989-01-04,macenma01
1989-01-15,faircca01
1989-01-15,murphmi02
1989-01-22,molleos01
1989-01-29,obrieji01
1989-01-29,shattke01
1989-01-30,blumjo02
1989-02-05,anderjo04
1989-02-08,smithbr05
1989-02-10,tangrer01
1989-02-12,gillico01
1989-02-14,suttebr03
1989-02-21,coleia01
1989-02-21,muzzija01
1989-02-22,postmpa01
1989-03-04,bourqga01
1989-03-08,bowmadr01
1989-03-10,marshke01
1989-03-12,dadonev01
1989-03-17,backlmi01
1989-03-18,borturo01
1989-03-25,negrijo01
1989-03-26,mayorma01
1989-03-28,coutulo01
1989-04-03,brenntj01
1989-04-20,scevico01
1989-04-22,ullstda01
1989-04-23,tyrelda01
1989-04-24,aliuak01
1989-04-25,cohenco01
1989-04-27,byronpa01
1989-05-04,vanrija01
1989-05-08,martima02
1989-05-08,ellerla01
1989-05-09,plantal01
1989-05-09,katicma01
1989-05-09,nashri02
1989-05-13,subbapk01
1989-05-19,kytnami01
1989-05-20,malonbr01
1989-06-05,atkinca01
1989-06-11,aulieke01
1989-06-12,borowma01
1989-06-13,mcdonry01
1989-06-17,yorkal01
1989-06-23,nolanjo01
1989-07-03,connomi01
1989-07-05,kingdw01
1989-07-07,pielmti01
1989-07-11,dacosst01
1989-07-12,palmini01
1989-07-18,bennja01
1989-07-24,almonco01
1989-07-25,troppco01
1989-08-10,gagnesa01
1989-08-14,turriky01
1989-08-15,voracja01
1989-08-25,macdela01
1989-09-01,nyquigu01
1989-09-05,smithcr01
1989-09-07,palusaa01
1989-09-11,timmisc01
1989-09-16,holtbbr01
1989-09-16,tokardu01
1989-09-17,bourdma01
1989-10-02,bailejo01
1989-10-04,boychza01
1989-10-06,ennisty01
1989-10-10,motinjo01
1989-10-20,wilsoco01
1989-11-01,dalpeza01
1989-11-02,schenlu01
1989-11-16,arnieja01
1989-11-21,hayesji01
1989-11-24,hoffmmi02
1989-11-29,spurgja01
1989-11-30,golouco01
1989-12-07,mccolth01
1989-12-07,larseph01
1989-12-08,doughdr01
1989-12-16,boedkmi01
1989-12-20,tanevch01
1989-12-24,calvema01
1989-12-26,kundrto01
1990-01-10,carlsjo01
1990-01-15,voynovi01
1990-01-18,pietral01
1990-01-19,cumaty01
1990-01-30,sbisalu01
1990-01-30,colbojo01
1990-01-30,sauvema01
1990-01-31,marksja02
1990-02-01,doornja01
1990-02-01,myersty01
1990-02-06,henriad01
1990-02-07,stamkst01
1990-02-18,hodgsco01
1990-02-18,sauveya01
1990-02-21,grachev01
1990-02-21,tedenma01
1990-02-23,scandma01
1990-02-25,dellast01
1990-03-06,wellwer01
1990-03-07,hackema01
1990-03-08,teubeco01
1990-03-13,proutda01
1990-03-15,mcraeph01
1990-03-19,gauncca01
1990-03-19,nilssan01
1990-03-22,mcmilbr01
1990-03-24,wrighja02
1990-03-25,klemean01
1990-03-25,boumala01
1990-03-28,corneph01
1990-04-12,poulike01
1990-04-24,robakco01
1990-05-01,kubalto01
1990-05-03,hartite01
1990-05-09,donovma01
1990-05-15,eberljo01
1990-05-18,nessaa01
1990-05-20,frasema02
1990-05-24,ekholma01
1990-05-25,filatni01
1990-05-27,krugema01
1990-05-30,loktian01
1990-05-31,karlser01
1990-06-01,josiro01
1990-06-04,pechual01
1990-06-04,mannibr01
1990-06-05,nemisgr01
1990-06-07,broditj01
1990-06-07,stonemi01
1990-06-14,cormipa01
1990-06-15,rinalza01
1990-06-18,adamlu01
1990-06-18,stepade01
1990-06-24,delzomi01
1990-07-02,brownjt01
1990-07-04,gardija01
1990-07-15,bogosza01
1990-08-16,hamontr01
1990-09-11,peteran02
1990-09-12,wiercpa01
1990-09-20,tavarjo01
1990-10-06,kadrina01
1990-10-06,johanma03
1990-10-06,dumonga01
1990-10-08,rundbda01
1990-10-13,silfvja01
1990-10-17,clarkma01
1990-10-22,savarda01
1990-10-29,kulikdm01
1990-11-02,caronjo01
1990-11-13,dillobr01
1990-11-19,vincoto01
1990-11-19,moorejo01
1990-12-01,tatarto01
1990-12-12,foucakr01
1990-12-18,hedmavi01
1990-12-20,urbomal01
1991-01-03,olsendy01
1991-01-03,ellisry01
1991-01-13,cliffky01
1991-01-14,hollape01
1991-01-16,duchema01
1991-01-21,mcnabbr01
1991-01-24,kassiza01
1991-01-25,cowenja01
1991-01-26,leblalo01
1991-01-28,klingca01
1991-01-30,elliost01
1991-02-01,palmiky01
1991-02-07,oreilry01
1991-02-22,glennsc01
1991-02-24,erixoti01
1991-02-27,cizikca01
1991-03-02,josefja01
1991-03-20,leddyni01
1991-04-01,ashtoca01
1991-04-01,smithre01
1991-04-12,krugto01
1991-04-12,paajama01
1991-04-16,morinje01
1991-04-19,pirribr01
1991-04-24,landean01
1991-04-30,kreidch01
1991-05-09,dehaaca01
1991-05-21,horakro01
1991-05-24,eakinco01
1991-07-17,ekmanol01
1991-07-20,shawan01
1991-07-23,orlovdm01
1991-07-24,lehnero01
1991-07-26,barrity01
1991-07-27,desprsi01
1991-08-02,kaneev01
1991-08-10,foligma01
1991-08-22,schenbr01
1991-10-21,burmial01
1991-11-14,hallta02
1991-12-05,fowleca01
1991-12-07,sheahri01
1992-01-07,gudbrer01
1992-01-16,zuckeja01
1992-01-31,seguity01
1992-03-20,faulkju01
1992-04-26,bulmebr01
1992-05-02,connobr01
1992-05-16,skinnje01
1992-06-14,smithde06
1992-06-25,schwaja01
1992-07-31,johanry01
1992-09-08,niedeni01
1992-10-05,baertsv01
1992-10-27,saadbr01
1992-11-12,larssad01
1992-11-23,landega01
1992-12-07,coutuse01
1993-03-15,scheima01
1993-04-12,nugenry01
1993-04-18,zibanmi01
