,year,tmID,SepW,SepL,SepT,SepOL,OctW,OctL,OctT,OctOL,NovW,NovL,NovT,NovOL,DecW,DecL,DecT,DecOL,JanW,JanL,JanT,JanOL,FebW,FebL,FebT,FebOL,MarW,MarL,MarT,MarOL,AprW,AprL,AprT,AprOL
727,1980,BOS,,,,,2.0,7.0,1.0,,5.0,3.0,5.0,,6.0,6.0,1.0,,9.0,4.0,1.0,,6.0,4.0,2.0,,8.0,4.0,3.0,,1.0,2.0,0.0,
728,1980,BUF,,,,,5.0,2.0,2.0,,8.0,4.0,3.0,,5.0,3.0,4.0,,6.0,1.0,7.0,,6.0,3.0,3.0,,8.0,6.0,1.0,,1.0,1.0,1.0,
729,1980,CAL,,,,,5.0,4.0,2.0,,5.0,5.0,3.0,,6.0,3.0,3.0,,6.0,7.0,3.0,,9.0,2.0,1.0,,6.0,6.0,2.0,,2.0,0.0,0.0,
730,1980,CHI,,,,,6.0,4.0,2.0,,3.0,8.0,3.0,,3.0,9.0,1.0,,9.0,3.0,1.0,,5.0,3.0,4.0,,4.0,5.0,4.0,,1.0,1.0,1.0,
731,1980,COR,,,,,4.0,4.0,2.0,,5.0,6.0,2.0,,4.0,9.0,2.0,,3.0,8.0,2.0,,2.0,8.0,2.0,,4.0,9.0,1.0,,0.0,1.0,2.0,
732,1980,DET,,,,,2.0,7.0,1.0,,1.0,8.0,3.0,,7.0,4.0,3.0,,3.0,7.0,4.0,,5.0,6.0,1.0,,1.0,9.0,5.0,,0.0,2.0,1.0,
733,1980,EDM,,,,,2.0,4.0,3.0,,4.0,8.0,2.0,,2.0,9.0,1.0,,8.0,4.0,2.0,,5.0,7.0,2.0,,6.0,3.0,5.0,,2.0,0.0,1.0,
734,1980,HAR,,,,,5.0,4.0,2.0,,3.0,8.0,2.0,,5.0,3.0,4.0,,2.0,10.0,3.0,,2.0,5.0,5.0,,3.0,9.0,2.0,,1.0,2.0,0.0,
735,1980,LAK,,,,,7.0,1.0,1.0,,9.0,5.0,0.0,,8.0,4.0,3.0,,7.0,5.0,3.0,,3.0,6.0,2.0,,9.0,2.0,3.0,,0.0,1.0,1.0,
736,1980,MNS,,,,,5.0,1.0,2.0,,7.0,4.0,2.0,,6.0,4.0,4.0,,7.0,5.0,4.0,,4.0,8.0,2.0,,5.0,5.0,3.0,,1.0,1.0,0.0,
737,1980,MTL,,,,,3.0,6.0,1.0,,9.0,4.0,1.0,,8.0,3.0,2.0,,7.0,5.0,2.0,,9.0,0.0,3.0,,7.0,4.0,4.0,,2.0,0.0,0.0,
738,1980,NYI,,,,,4.0,4.0,3.0,,12.0,1.0,2.0,,8.0,2.0,3.0,,9.0,5.0,0.0,,5.0,5.0,2.0,,7.0,1.0,4.0,,3.0,0.0,0.0,
739,1980,NYR,,,,,3.0,7.0,1.0,,3.0,7.0,3.0,,7.0,6.0,1.0,,6.0,4.0,3.0,,5.0,7.0,1.0,,4.0,4.0,5.0,,2.0,1.0,0.0,
740,1980,PHI,,,,,7.0,3.0,1.0,,10.0,2.0,3.0,,7.0,4.0,1.0,,6.0,5.0,3.0,,6.0,5.0,2.0,,5.0,4.0,4.0,,0.0,1.0,1.0,
741,1980,PIT,,,,,4.0,5.0,1.0,,2.0,8.0,3.0,,5.0,6.0,3.0,,6.0,6.0,1.0,,7.0,5.0,1.0,,5.0,6.0,3.0,,1.0,1.0,1.0,
742,1980,QUE,,,,,1.0,6.0,3.0,,4.0,6.0,3.0,,5.0,6.0,2.0,,2.0,8.0,5.0,,10.0,2.0,0.0,,8.0,2.0,4.0,,0.0,2.0,1.0,
743,1980,STL,,,,,6.0,2.0,3.0,,9.0,4.0,1.0,,9.0,3.0,1.0,,6.0,3.0,3.0,,8.0,1.0,5.0,,6.0,4.0,3.0,,1.0,1.0,1.0,
744,1980,TOR,,,,,6.0,3.0,1.0,,3.0,7.0,2.0,,4.0,8.0,2.0,,4.0,8.0,4.0,,6.0,4.0,1.0,,4.0,7.0,3.0,,1.0,0.0,2.0,
745,1980,VAN,,,,,6.0,3.0,1.0,,7.0,4.0,4.0,,4.0,4.0,5.0,,3.0,5.0,5.0,,2.0,9.0,2.0,,6.0,5.0,2.0,,0.0,2.0,1.0,
746,1980,WAS,,,,,3.0,4.0,3.0,,5.0,2.0,6.0,,5.0,7.0,2.0,,5.0,8.0,1.0,,1.0,7.0,4.0,,5.0,7.0,2.0,,2.0,1.0,0.0,
747,1980,WIN,,,,,1.0,6.0,2.0,,0.0,10.0,5.0,,1.0,12.0,0.0,,4.0,7.0,3.0,,1.0,10.0,1.0,,2.0,11.0,1.0,,0.0,1.0,2.0,
748,1981,BOS,,,,,6.0,2.0,3.0,,7.0,5.0,1.0,,9.0,3.0,0.0,,7.0,6.0,3.0,,5.0,5.0,1.0,,7.0,5.0,2.0,,2.0,1.0,0.0,
749,1981,BUF,,,,,5.0,3.0,3.0,,7.0,2.0,4.0,,8.0,5.0,1.0,,9.0,4.0,1.0,,4.0,5.0,3.0,,5.0,6.0,3.0,,1.0,1.0,0.0,
750,1981,CAL,,,,,2.0,7.0,2.0,,5.0,5.0,4.0,,5.0,6.0,2.0,,7.0,4.0,4.0,,4.0,5.0,3.0,,5.0,6.0,2.0,,1.0,1.0,0.0,
751,1981,CHI,,,,,3.0,3.0,5.0,,6.0,4.0,3.0,,5.0,7.0,1.0,,3.0,11.0,1.0,,6.0,7.0,0.0,,5.0,6.0,2.0,,2.0,0.0,0.0,
752,1981,COR,,,,,2.0,7.0,2.0,,1.0,10.0,3.0,,6.0,6.0,1.0,,2.0,11.0,2.0,,3.0,6.0,3.0,,3.0,8.0,2.0,,1.0,1.0,0.0,
753,1981,DET,,,,,4.0,5.0,2.0,,3.0,8.0,3.0,,3.0,9.0,1.0,,4.0,6.0,4.0,,4.0,7.0,2.0,,3.0,11.0,0.0,,0.0,1.0,0.0,
754,1981,EDM,,,,,9.0,4.0,0.0,,8.0,2.0,3.0,,8.0,3.0,3.0,,8.0,3.0,4.0,,9.0,1.0,1.0,,5.0,4.0,4.0,,1.0,0.0,0.0,
755,1981,HAR,,,,,1.0,4.0,5.0,,3.0,7.0,3.0,,6.0,7.0,1.0,,4.0,6.0,3.0,,3.0,8.0,2.0,,4.0,8.0,3.0,,0.0,1.0,1.0,
756,1981,LAK,,,,,6.0,6.0,0.0,,4.0,8.0,0.0,,3.0,7.0,3.0,,1.0,6.0,8.0,,3.0,5.0,2.0,,7.0,7.0,2.0,,0.0,2.0,0.0,
757,1981,MNS,,,,,7.0,2.0,2.0,,5.0,2.0,6.0,,2.0,7.0,4.0,,7.0,5.0,3.0,,6.0,3.0,4.0,,9.0,3.0,1.0,,1.0,1.0,0.0,
758,1981,MTL,,,,,6.0,1.0,4.0,,6.0,4.0,2.0,,8.0,3.0,3.0,,7.0,3.0,3.0,,9.0,1.0,4.0,,10.0,3.0,1.0,,0.0,2.0,0.0,
759,1981,NYI,,,,,8.0,1.0,2.0,,6.0,5.0,2.0,,7.0,5.0,1.0,,9.0,2.0,1.0,,12.0,1.0,1.0,,11.0,1.0,2.0,,1.0,1.0,1.0,
760,1981,NYR,,,,,3.0,8.0,0.0,,5.0,5.0,3.0,,7.0,4.0,2.0,,9.0,3.0,2.0,,6.0,3.0,3.0,,9.0,3.0,3.0,,0.0,1.0,1.0,
761,1981,PHI,,,,,8.0,2.0,1.0,,4.0,8.0,0.0,,10.0,3.0,0.0,,6.0,6.0,3.0,,4.0,6.0,2.0,,5.0,5.0,4.0,,1.0,1.0,1.0,
762,1981,PIT,,,,,5.0,7.0,2.0,,7.0,1.0,2.0,,4.0,7.0,2.0,,5.0,8.0,2.0,,3.0,8.0,2.0,,5.0,5.0,3.0,,2.0,0.0,0.0,
763,1981,QUE,,,,,7.0,6.0,0.0,,7.0,4.0,4.0,,5.0,5.0,1.0,,6.0,5.0,3.0,,4.0,3.0,5.0,,2.0,7.0,3.0,,2.0,1.0,0.0,
764,1981,STL,,,,,4.0,6.0,2.0,,4.0,7.0,2.0,,10.0,4.0,0.0,,6.0,6.0,0.0,,3.0,9.0,1.0,,4.0,7.0,3.0,,1.0,1.0,0.0,
765,1981,TOR,,,,,3.0,6.0,2.0,,3.0,6.0,4.0,,5.0,5.0,3.0,,5.0,7.0,4.0,,1.0,8.0,3.0,,3.0,10.0,0.0,,0.0,2.0,0.0,
766,1981,VAN,,,,,4.0,5.0,3.0,,7.0,5.0,1.0,,3.0,7.0,4.0,,3.0,7.0,3.0,,7.0,3.0,3.0,,4.0,6.0,3.0,,2.0,0.0,0.0,
767,1981,WAS,,,,,1.0,11.0,0.0,,5.0,4.0,2.0,,4.0,9.0,1.0,,4.0,5.0,5.0,,6.0,6.0,1.0,,4.0,6.0,4.0,,2.0,0.0,0.0,
768,1981,WIN,,,,,5.0,3.0,2.0,,5.0,6.0,2.0,,3.0,9.0,4.0,,6.0,4.0,3.0,,3.0,5.0,2.0,,11.0,4.0,1.0,,0.0,2.0,0.0,
769,1982,BOS,,,,,5.0,4.0,3.0,,8.0,3.0,2.0,,10.0,2.0,1.0,,10.0,1.0,2.0,,8.0,4.0,0.0,,9.0,5.0,1.0,,0.0,1.0,1.0,
770,1982,BUF,,,,,4.0,5.0,3.0,,8.0,3.0,1.0,,5.0,5.0,3.0,,8.0,4.0,2.0,,5.0,5.0,3.0,,8.0,6.0,1.0,,0.0,1.0,0.0,
771,1982,CAL,,,,,4.0,7.0,2.0,,5.0,6.0,3.0,,5.0,7.0,2.0,,7.0,5.0,0.0,,5.0,5.0,2.0,,6.0,4.0,4.0,,0.0,0.0,1.0,
772,1982,CHI,,,,,6.0,2.0,4.0,,10.0,1.0,1.0,,9.0,4.0,1.0,,6.0,7.0,1.0,,7.0,3.0,2.0,,8.0,5.0,1.0,,1.0,1.0,0.0,
773,1982,DET,,,,,3.0,8.0,1.0,,0.0,8.0,5.0,,6.0,3.0,5.0,,3.0,8.0,1.0,,5.0,6.0,2.0,,3.0,10.0,1.0,,1.0,1.0,0.0,
774,1982,EDM,,,,,4.0,6.0,3.0,,7.0,3.0,3.0,,8.0,3.0,2.0,,10.0,3.0,2.0,,6.0,4.0,1.0,,11.0,2.0,0.0,,1.0,0.0,1.0,
775,1982,HAR,,,,,2.0,6.0,2.0,,3.0,8.0,1.0,,5.0,8.0,2.0,,3.0,10.0,1.0,,3.0,10.0,0.0,,3.0,10.0,1.0,,0.0,2.0,0.0,
776,1982,LAK,,,,,5.0,4.0,3.0,,6.0,5.0,0.0,,3.0,9.0,2.0,,2.0,9.0,2.0,,7.0,3.0,3.0,,3.0,11.0,1.0,,1.0,0.0,1.0,
777,1982,MNS,,,,,9.0,2.0,1.0,,5.0,6.0,3.0,,6.0,3.0,4.0,,6.0,3.0,4.0,,7.0,3.0,2.0,,7.0,6.0,2.0,,0.0,1.0,0.0,
778,1982,MTL,,,,,7.0,2.0,3.0,,9.0,2.0,2.0,,4.0,6.0,3.0,,7.0,4.0,2.0,,7.0,5.0,1.0,,7.0,5.0,2.0,,1.0,0.0,1.0,
779,1982,NJD,,,,,3.0,6.0,3.0,,1.0,10.0,4.0,,3.0,9.0,0.0,,4.0,6.0,4.0,,1.0,8.0,2.0,,4.0,10.0,0.0,,1.0,0.0,1.0,
780,1982,NYI,,,,,11.0,2.0,0.0,,4.0,7.0,5.0,,4.0,6.0,2.0,,9.0,2.0,1.0,,4.0,5.0,3.0,,9.0,3.0,1.0,,1.0,1.0,0.0,
781,1982,NYR,,,,,6.0,7.0,0.0,,6.0,4.0,1.0,,6.0,5.0,2.0,,5.0,7.0,3.0,,5.0,4.0,2.0,,7.0,7.0,1.0,,0.0,1.0,1.0,
782,1982,PHI,,,,,8.0,5.0,0.0,,5.0,4.0,3.0,,8.0,3.0,2.0,,12.0,1.0,2.0,,8.0,2.0,0.0,,6.0,8.0,1.0,,2.0,0.0,0.0,
783,1982,PIT,,,,,3.0,9.0,1.0,,5.0,3.0,3.0,,3.0,9.0,2.0,,1.0,12.0,1.0,,3.0,11.0,0.0,,3.0,7.0,2.0,,0.0,2.0,0.0,
784,1982,QUE,,,,,6.0,4.0,1.0,,6.0,6.0,1.0,,5.0,4.0,4.0,,7.0,7.0,0.0,,4.0,5.0,4.0,,4.0,8.0,2.0,,2.0,0.0,0.0,
785,1982,STL,,,,,5.0,7.0,0.0,,4.0,7.0,3.0,,5.0,8.0,1.0,,2.0,5.0,6.0,,3.0,6.0,3.0,,5.0,6.0,2.0,,1.0,1.0,0.0,
786,1982,TOR,,,,,2.0,5.0,4.0,,2.0,7.0,1.0,,2.0,9.0,2.0,,6.0,7.0,3.0,,8.0,4.0,0.0,,7.0,7.0,2.0,,1.0,1.0,0.0,
787,1982,VAN,,,,,4.0,6.0,2.0,,5.0,5.0,4.0,,4.0,6.0,2.0,,4.0,7.0,2.0,,4.0,7.0,1.0,,9.0,4.0,3.0,,0.0,0.0,1.0,
788,1982,WAS,,,,,3.0,6.0,1.0,,5.0,3.0,5.0,,9.0,1.0,4.0,,7.0,6.0,2.0,,6.0,4.0,2.0,,8.0,4.0,2.0,,1.0,1.0,0.0,
789,1982,WIN,,,,,6.0,3.0,1.0,,4.0,7.0,1.0,,6.0,6.0,2.0,,4.0,9.0,3.0,,5.0,7.0,1.0,,7.0,6.0,0.0,,1.0,1.0,0.0,
790,1983,BOS,,,,,7.0,3.0,1.0,,7.0,3.0,1.0,,10.0,5.0,1.0,,9.0,4.0,0.0,,6.0,6.0,1.0,,9.0,4.0,2.0,,1.0,0.0,0.0,
791,1983,BUF,,,,,6.0,4.0,2.0,,8.0,4.0,1.0,,8.0,5.0,1.0,,11.0,0.0,2.0,,7.0,7.0,0.0,,7.0,5.0,1.0,,1.0,0.0,0.0,
792,1983,CAL,,,,,5.0,6.0,1.0,,5.0,4.0,3.0,,4.0,7.0,2.0,,5.0,2.0,5.0,,9.0,4.0,2.0,,6.0,8.0,1.0,,0.0,1.0,0.0,
793,1983,CHI,,,,,8.0,4.0,0.0,,3.0,9.0,2.0,,4.0,8.0,1.0,,5.0,6.0,3.0,,5.0,6.0,2.0,,4.0,9.0,0.0,,1.0,0.0,0.0,
794,1983,DET,,,,,4.0,3.0,2.0,,6.0,8.0,0.0,,4.0,9.0,2.0,,3.0,9.0,1.0,,8.0,4.0,2.0,,6.0,8.0,0.0,,0.0,1.0,0.0,
795,1983,EDM,,,,,9.0,2.0,1.0,,10.0,2.0,2.0,,9.0,3.0,1.0,,10.0,2.0,1.0,,9.0,6.0,0.0,,10.0,3.0,0.0,,,,,
796,1983,HAR,,,,,4.0,5.0,1.0,,5.0,6.0,1.0,,4.0,9.0,1.0,,2.0,8.0,4.0,,7.0,5.0,1.0,,6.0,8.0,2.0,,0.0,1.0,0.0,
797,1983,LAK,,,,,2.0,5.0,4.0,,5.0,8.0,1.0,,6.0,7.0,1.0,,2.0,7.0,4.0,,4.0,7.0,2.0,,4.0,10.0,1.0,,,,,
798,1983,MNS,,,,,3.0,7.0,1.0,,9.0,2.0,2.0,,6.0,6.0,1.0,,9.0,5.0,0.0,,4.0,9.0,2.0,,8.0,2.0,4.0,,,,,
799,1983,MTL,,,,,4.0,7.0,0.0,,7.0,5.0,1.0,,7.0,6.0,1.0,,7.0,6.0,1.0,,4.0,6.0,2.0,,6.0,10.0,0.0,,,,,
800,1983,NJD,,,,,1.0,10.0,0.0,,2.0,10.0,0.0,,4.0,9.0,2.0,,3.0,7.0,3.0,,3.0,9.0,1.0,,4.0,10.0,1.0,,0.0,1.0,0.0,
801,1983,NYI,,,,,6.0,6.0,0.0,,10.0,2.0,1.0,,10.0,3.0,1.0,,5.0,8.0,0.0,,9.0,4.0,0.0,,9.0,3.0,2.0,,1.0,0.0,0.0,
802,1983,NYR,,,,,9.0,4.0,0.0,,5.0,5.0,4.0,,8.0,4.0,0.0,,8.0,4.0,1.0,,5.0,5.0,4.0,,6.0,7.0,0.0,,1.0,0.0,0.0,
803,1983,PHI,,,,,9.0,3.0,1.0,,5.0,5.0,2.0,,6.0,3.0,3.0,,7.0,4.0,2.0,,7.0,5.0,2.0,,10.0,5.0,0.0,,0.0,1.0,0.0,
804,1983,PIT,,,,,3.0,9.0,0.0,,3.0,7.0,3.0,,3.0,8.0,2.0,,1.0,11.0,0.0,,3.0,10.0,1.0,,3.0,12.0,0.0,,0.0,1.0,0.0,
805,1983,QUE,,,,,7.0,5.0,1.0,,6.0,6.0,2.0,,7.0,5.0,0.0,,8.0,2.0,3.0,,7.0,5.0,1.0,,7.0,5.0,3.0,,,,,
806,1983,STL,,,,,6.0,5.0,0.0,,3.0,7.0,3.0,,7.0,7.0,1.0,,5.0,8.0,1.0,,4.0,8.0,2.0,,7.0,6.0,0.0,,,,,
807,1983,TOR,,,,,6.0,4.0,2.0,,5.0,8.0,0.0,,4.0,6.0,3.0,,1.0,11.0,1.0,,6.0,6.0,2.0,,4.0,9.0,1.0,,0.0,1.0,0.0,
808,1983,VAN,,,,,5.0,6.0,1.0,,6.0,6.0,1.0,,4.0,8.0,2.0,,4.0,8.0,2.0,,7.0,7.0,1.0,,6.0,4.0,2.0,,,,,
809,1983,WAS,,,,,5.0,7.0,0.0,,6.0,6.0,1.0,,7.0,6.0,1.0,,9.0,2.0,2.0,,9.0,4.0,0.0,,11.0,2.0,1.0,,1.0,0.0,0.0,
810,1983,WIN,,,,,3.0,7.0,2.0,,4.0,7.0,1.0,,7.0,5.0,1.0,,5.0,5.0,4.0,,5.0,5.0,2.0,,6.0,9.0,1.0,,1.0,0.0,0.0,
811,1984,BOS,,,,,5.0,4.0,0.0,,6.0,6.0,1.0,,5.0,5.0,5.0,,8.0,6.0,1.0,,3.0,5.0,1.0,,7.0,7.0,1.0,,2.0,1.0,1.0,
812,1984,BUF,,,,,5.0,4.0,1.0,,4.0,6.0,3.0,,7.0,2.0,5.0,,8.0,3.0,3.0,,6.0,5.0,0.0,,6.0,6.0,2.0,,2.0,2.0,0.0,
813,1984,CAL,,,,,7.0,4.0,0.0,,7.0,4.0,1.0,,5.0,7.0,2.0,,7.0,4.0,4.0,,5.0,6.0,0.0,,9.0,2.0,3.0,,1.0,0.0,2.0,
814,1984,CHI,,,,,5.0,4.0,1.0,,6.0,7.0,1.0,,6.0,6.0,1.0,,5.0,9.0,0.0,,8.0,4.0,1.0,,6.0,5.0,2.0,,2.0,0.0,1.0,
815,1984,DET,,,,,3.0,6.0,0.0,,3.0,7.0,3.0,,7.0,6.0,2.0,,2.0,11.0,2.0,,4.0,3.0,4.0,,7.0,7.0,0.0,,1.0,1.0,1.0,
816,1984,EDM,,,,,8.0,0.0,2.0,,10.0,3.0,1.0,,7.0,4.0,1.0,,11.0,2.0,2.0,,7.0,4.0,1.0,,5.0,6.0,3.0,,1.0,1.0,1.0,
817,1984,HAR,,,,,6.0,4.0,1.0,,2.0,7.0,2.0,,5.0,6.0,1.0,,4.0,8.0,1.0,,3.0,9.0,2.0,,8.0,5.0,2.0,,2.0,2.0,0.0,
818,1984,LAK,,,,,2.0,6.0,3.0,,9.0,3.0,0.0,,4.0,5.0,5.0,,7.0,6.0,1.0,,6.0,4.0,2.0,,5.0,7.0,2.0,,1.0,1.0,1.0,
819,1984,MNS,,,,,2.0,6.0,1.0,,6.0,4.0,4.0,,4.0,9.0,1.0,,3.0,6.0,4.0,,3.0,9.0,1.0,,6.0,8.0,1.0,,1.0,1.0,0.0,
820,1984,MTL,,,,,6.0,2.0,1.0,,7.0,3.0,3.0,,8.0,4.0,3.0,,4.0,7.0,3.0,,7.0,5.0,0.0,,7.0,6.0,1.0,,2.0,0.0,1.0,
821,1984,NJD,,,,,3.0,6.0,0.0,,4.0,6.0,2.0,,5.0,8.0,2.0,,3.0,9.0,1.0,,3.0,6.0,3.0,,4.0,10.0,1.0,,0.0,3.0,1.0,
822,1984,NYI,,,,,6.0,3.0,0.0,,8.0,5.0,1.0,,6.0,7.0,0.0,,6.0,6.0,2.0,,6.0,5.0,1.0,,7.0,7.0,1.0,,1.0,1.0,1.0,
823,1984,NYR,,,,,4.0,4.0,1.0,,4.0,7.0,1.0,,4.0,8.0,3.0,,5.0,6.0,3.0,,3.0,8.0,1.0,,5.0,9.0,1.0,,1.0,2.0,0.0,
824,1984,PHI,,,,,6.0,2.0,2.0,,8.0,2.0,2.0,,7.0,6.0,1.0,,8.0,4.0,1.0,,8.0,3.0,1.0,,13.0,3.0,0.0,,3.0,0.0,0.0,
825,1984,PIT,,,,,5.0,4.0,0.0,,1.0,8.0,3.0,,8.0,5.0,1.0,,4.0,8.0,1.0,,2.0,10.0,0.0,,4.0,12.0,0.0,,0.0,4.0,0.0,
826,1984,QUE,,,,,4.0,6.0,1.0,,7.0,5.0,0.0,,5.0,5.0,5.0,,8.0,4.0,1.0,,7.0,4.0,1.0,,8.0,4.0,1.0,,2.0,2.0,0.0,
827,1984,STL,,,,,4.0,5.0,0.0,,7.0,4.0,1.0,,4.0,6.0,4.0,,6.0,4.0,4.0,,9.0,2.0,1.0,,4.0,9.0,2.0,,3.0,1.0,0.0,
828,1984,TOR,,,,,3.0,6.0,1.0,,1.0,9.0,3.0,,2.0,11.0,1.0,,5.0,6.0,1.0,,5.0,8.0,1.0,,4.0,9.0,1.0,,0.0,3.0,0.0,
829,1984,VAN,,,,,1.0,10.0,0.0,,3.0,9.0,2.0,,4.0,6.0,3.0,,5.0,7.0,2.0,,5.0,5.0,1.0,,7.0,7.0,0.0,,0.0,2.0,1.0,
830,1984,WAS,,,,,4.0,3.0,2.0,,5.0,5.0,3.0,,12.0,2.0,2.0,,10.0,3.0,0.0,,7.0,3.0,2.0,,6.0,8.0,0.0,,2.0,1.0,0.0,
831,1984,WIN,,,,,3.0,3.0,1.0,,8.0,6.0,1.0,,8.0,5.0,2.0,,7.0,7.0,1.0,,6.0,5.0,2.0,,10.0,1.0,2.0,,1.0,0.0,1.0,
832,1985,BOS,,,,,7.0,2.0,1.0,,4.0,6.0,3.0,,6.0,5.0,3.0,,8.0,5.0,0.0,,5.0,8.0,0.0,,6.0,4.0,4.0,,1.0,1.0,1.0,
833,1985,BUF,,,,,5.0,4.0,1.0,,7.0,7.0,0.0,,6.0,5.0,2.0,,5.0,7.0,2.0,,6.0,5.0,1.0,,7.0,7.0,0.0,,1.0,2.0,0.0,
834,1985,CAL,,,,,5.0,5.0,0.0,,8.0,2.0,3.0,,4.0,8.0,0.0,,6.0,7.0,2.0,,7.0,3.0,2.0,,7.0,6.0,2.0,,3.0,0.0,0.0,
835,1985,CHI,,,,,4.0,5.0,1.0,,5.0,5.0,3.0,,6.0,6.0,0.0,,9.0,3.0,3.0,,8.0,4.0,1.0,,5.0,8.0,0.0,,2.0,2.0,0.0,
836,1985,DET,,,,,1.0,8.0,2.0,,5.0,5.0,2.0,,2.0,11.0,0.0,,3.0,11.0,1.0,,1.0,10.0,0.0,,4.0,9.0,1.0,,1.0,3.0,0.0,
837,1985,EDM,,,,,8.0,1.0,0.0,,8.0,3.0,3.0,,10.0,3.0,1.0,,10.0,4.0,1.0,,7.0,3.0,1.0,,11.0,2.0,1.0,,2.0,1.0,0.0,
838,1985,HAR,,,,,6.0,4.0,0.0,,5.0,7.0,0.0,,8.0,5.0,1.0,,7.0,6.0,0.0,,2.0,10.0,1.0,,9.0,3.0,2.0,,3.0,1.0,0.0,
839,1985,LAK,,,,,2.0,9.0,0.0,,3.0,6.0,3.0,,5.0,6.0,1.0,,6.0,6.0,2.0,,4.0,9.0,0.0,,3.0,12.0,1.0,,0.0,1.0,1.0,
840,1985,MNS,,,,,3.0,5.0,2.0,,3.0,7.0,4.0,,7.0,4.0,1.0,,6.0,8.0,1.0,,8.0,3.0,1.0,,9.0,5.0,0.0,,2.0,1.0,0.0,
841,1985,MTL,,,,,4.0,6.0,0.0,,7.0,3.0,3.0,,8.0,3.0,1.0,,10.0,5.0,1.0,,5.0,6.0,1.0,,4.0,9.0,1.0,,2.0,1.0,0.0,
842,1985,NJD,,,,,4.0,5.0,1.0,,5.0,6.0,0.0,,4.0,10.0,0.0,,2.0,11.0,1.0,,4.0,6.0,1.0,,7.0,10.0,0.0,,2.0,1.0,0.0,
843,1985,NYI,,,,,4.0,3.0,1.0,,6.0,5.0,4.0,,5.0,5.0,4.0,,8.0,4.0,1.0,,7.0,5.0,0.0,,7.0,5.0,2.0,,2.0,2.0,0.0,
844,1985,NYR,,,,,5.0,4.0,0.0,,6.0,8.0,1.0,,6.0,7.0,1.0,,5.0,6.0,2.0,,8.0,2.0,0.0,,6.0,9.0,1.0,,0.0,2.0,1.0,
845,1985,PHI,,,,,7.0,2.0,0.0,,12.0,2.0,0.0,,9.0,6.0,0.0,,7.0,5.0,1.0,,6.0,3.0,3.0,,8.0,5.0,0.0,,4.0,0.0,0.0,
846,1985,PIT,,,,,3.0,5.0,2.0,,5.0,7.0,1.0,,8.0,6.0,1.0,,7.0,4.0,2.0,,7.0,4.0,1.0,,3.0,9.0,1.0,,1.0,3.0,0.0,
847,1985,QUE,,,,,8.0,2.0,1.0,,4.0,8.0,0.0,,7.0,5.0,1.0,,9.0,4.0,1.0,,6.0,7.0,1.0,,8.0,4.0,1.0,,1.0,1.0,1.0,
848,1985,STL,,,,,3.0,4.0,1.0,,7.0,5.0,2.0,,6.0,5.0,1.0,,5.0,6.0,3.0,,7.0,5.0,1.0,,8.0,8.0,0.0,,1.0,1.0,1.0,
849,1985,TOR,,,,,1.0,8.0,0.0,,4.0,7.0,3.0,,4.0,5.0,2.0,,4.0,11.0,0.0,,6.0,6.0,1.0,,6.0,8.0,0.0,,0.0,3.0,1.0,
850,1985,VAN,,,,,5.0,4.0,2.0,,4.0,9.0,1.0,,4.0,8.0,1.0,,3.0,6.0,3.0,,2.0,7.0,2.0,,4.0,7.0,4.0,,1.0,3.0,0.0,
851,1985,WAS,,,,,4.0,4.0,2.0,,10.0,3.0,1.0,,7.0,3.0,1.0,,8.0,6.0,0.0,,8.0,3.0,1.0,,11.0,3.0,1.0,,2.0,1.0,1.0,
852,1985,WIN,,,,,5.0,4.0,1.0,,3.0,10.0,1.0,,4.0,10.0,2.0,,4.0,7.0,1.0,,3.0,8.0,1.0,,7.0,7.0,0.0,,0.0,1.0,1.0,
853,1986,BOS,,,,,5.0,4.0,1.0,,5.0,7.0,3.0,,6.0,5.0,0.0,,10.0,4.0,1.0,,5.0,7.0,0.0,,8.0,5.0,2.0,,0.0,2.0,0.0,
854,1986,BUF,,,,,1.0,7.0,2.0,,4.0,8.0,1.0,,4.0,8.0,2.0,,6.0,7.0,1.0,,8.0,3.0,0.0,,4.0,10.0,1.0,,1.0,1.0,1.0,
855,1986,CAL,,,,,3.0,7.0,0.0,,10.0,4.0,0.0,,9.0,4.0,1.0,,6.0,7.0,1.0,,9.0,3.0,0.0,,9.0,5.0,0.0,,0.0,1.0,1.0,
856,1986,CHI,,,,,2.0,7.0,2.0,,4.0,7.0,3.0,,8.0,5.0,1.0,,4.0,7.0,2.0,,6.0,3.0,2.0,,4.0,7.0,3.0,,1.0,1.0,1.0,
857,1986,DET,,,,,5.0,4.0,1.0,,4.0,8.0,1.0,,5.0,3.0,5.0,,7.0,7.0,1.0,,7.0,4.0,1.0,,6.0,7.0,1.0,,0.0,3.0,0.0,
858,1986,EDM,,,,,8.0,4.0,0.0,,6.0,6.0,1.0,,10.0,2.0,1.0,,10.0,2.0,2.0,,4.0,6.0,1.0,,11.0,4.0,0.0,,1.0,0.0,1.0,
859,1986,HAR,,,,,4.0,3.0,1.0,,7.0,3.0,2.0,,8.0,5.0,3.0,,7.0,9.0,0.0,,7.0,4.0,0.0,,9.0,4.0,1.0,,1.0,2.0,0.0,
860,1986,LAK,,,,,3.0,8.0,0.0,,6.0,6.0,2.0,,8.0,4.0,1.0,,5.0,5.0,3.0,,3.0,7.0,1.0,,6.0,8.0,1.0,,0.0,3.0,0.0,
861,1986,MNS,,,,,4.0,5.0,1.0,,5.0,6.0,1.0,,7.0,6.0,1.0,,6.0,4.0,4.0,,5.0,7.0,0.0,,3.0,11.0,2.0,,0.0,1.0,1.0,
862,1986,MTL,,,,,5.0,3.0,3.0,,7.0,6.0,0.0,,7.0,6.0,3.0,,7.0,7.0,1.0,,4.0,4.0,2.0,,8.0,3.0,1.0,,3.0,0.0,0.0,
863,1986,NJD,,,,,6.0,4.0,0.0,,5.0,6.0,2.0,,5.0,8.0,1.0,,5.0,9.0,2.0,,3.0,5.0,0.0,,5.0,10.0,1.0,,0.0,3.0,0.0,
864,1986,NYI,,,,,4.0,4.0,1.0,,9.0,5.0,0.0,,6.0,7.0,2.0,,6.0,5.0,3.0,,3.0,5.0,3.0,,6.0,6.0,2.0,,1.0,1.0,1.0,
865,1986,NYR,,,,,2.0,4.0,4.0,,5.0,7.0,2.0,,8.0,6.0,0.0,,5.0,6.0,2.0,,7.0,5.0,0.0,,7.0,7.0,0.0,,0.0,3.0,0.0,
866,1986,PHI,,,,,8.0,2.0,0.0,,9.0,2.0,2.0,,8.0,7.0,0.0,,9.0,3.0,2.0,,3.0,5.0,1.0,,8.0,5.0,3.0,,1.0,2.0,0.0,
867,1986,PIT,,,,,8.0,3.0,0.0,,5.0,5.0,4.0,,2.0,7.0,3.0,,4.0,8.0,1.0,,4.0,7.0,2.0,,5.0,8.0,2.0,,2.0,0.0,0.0,
868,1986,QUE,,,,,6.0,3.0,2.0,,6.0,6.0,2.0,,4.0,8.0,2.0,,3.0,9.0,1.0,,5.0,6.0,1.0,,4.0,7.0,2.0,,3.0,0.0,0.0,
869,1986,STL,,,,,3.0,3.0,2.0,,6.0,6.0,2.0,,5.0,7.0,2.0,,5.0,6.0,3.0,,4.0,6.0,2.0,,6.0,5.0,4.0,,3.0,0.0,0.0,
870,1986,TOR,,,,,5.0,2.0,3.0,,5.0,8.0,1.0,,5.0,6.0,1.0,,4.0,12.0,0.0,,5.0,5.0,1.0,,7.0,8.0,0.0,,1.0,1.0,0.0,
871,1986,VAN,,,,,2.0,7.0,1.0,,5.0,8.0,1.0,,4.0,8.0,1.0,,4.0,8.0,3.0,,4.0,7.0,2.0,,7.0,5.0,0.0,,3.0,0.0,0.0,
872,1986,WAS,,,,,5.0,5.0,1.0,,2.0,8.0,4.0,,5.0,6.0,1.0,,9.0,5.0,2.0,,6.0,4.0,0.0,,8.0,4.0,2.0,,3.0,0.0,0.0,
873,1986,WIN,,,,,4.0,4.0,1.0,,11.0,4.0,0.0,,2.0,8.0,3.0,,11.0,3.0,1.0,,6.0,5.0,1.0,,5.0,7.0,2.0,,1.0,1.0,0.0,
874,1987,BOS,,,,,5.0,4.0,1.0,,9.0,6.0,1.0,,8.0,4.0,2.0,,7.0,5.0,1.0,,8.0,3.0,0.0,,6.0,7.0,1.0,,1.0,1.0,0.0,
875,1987,BUF,,,,,4.0,4.0,3.0,,5.0,7.0,1.0,,4.0,6.0,3.0,,10.0,4.0,2.0,,6.0,5.0,0.0,,8.0,5.0,1.0,,0.0,1.0,1.0,
876,1987,CAL,,,,,5.0,5.0,1.0,,9.0,3.0,2.0,,9.0,3.0,1.0,,9.0,3.0,2.0,,5.0,6.0,1.0,,10.0,2.0,2.0,,1.0,1.0,0.0,
877,1987,CHI,,,,,5.0,5.0,1.0,,5.0,7.0,1.0,,5.0,9.0,0.0,,7.0,6.0,1.0,,4.0,4.0,4.0,,4.0,9.0,2.0,,0.0,1.0,0.0,
878,1987,DET,,,,,5.0,4.0,1.0,,6.0,5.0,1.0,,6.0,7.0,2.0,,7.0,3.0,4.0,,7.0,5.0,0.0,,9.0,3.0,3.0,,1.0,1.0,0.0,
879,1987,EDM,,,,,6.0,5.0,0.0,,8.0,3.0,2.0,,9.0,4.0,1.0,,6.0,5.0,4.0,,6.0,4.0,1.0,,8.0,4.0,2.0,,1.0,0.0,1.0,
880,1987,HAR,,,,,4.0,5.0,1.0,,4.0,5.0,3.0,,6.0,6.0,2.0,,8.0,6.0,1.0,,4.0,8.0,0.0,,8.0,7.0,0.0,,1.0,1.0,0.0,
881,1987,LAK,,,,,3.0,7.0,1.0,,4.0,6.0,3.0,,4.0,11.0,0.0,,7.0,7.0,1.0,,7.0,6.0,0.0,,4.0,5.0,2.0,,1.0,0.0,1.0,
882,1987,MNS,,,,,4.0,5.0,2.0,,5.0,7.0,1.0,,4.0,9.0,2.0,,3.0,9.0,3.0,,1.0,8.0,1.0,,2.0,8.0,4.0,,0.0,2.0,0.0,
883,1987,MTL,,,,,7.0,4.0,2.0,,9.0,3.0,3.0,,6.0,2.0,4.0,,6.0,6.0,1.0,,8.0,5.0,0.0,,8.0,2.0,2.0,,1.0,0.0,1.0,
884,1987,NJD,,,,,7.0,3.0,0.0,,6.0,5.0,3.0,,5.0,8.0,1.0,,5.0,8.0,1.0,,5.0,8.0,0.0,,8.0,4.0,1.0,,2.0,0.0,0.0,
885,1987,NYI,,,,,6.0,3.0,1.0,,9.0,4.0,0.0,,4.0,7.0,2.0,,5.0,7.0,2.0,,6.0,3.0,4.0,,9.0,5.0,1.0,,0.0,2.0,0.0,
886,1987,NYR,,,,,4.0,5.0,3.0,,4.0,8.0,0.0,,6.0,6.0,2.0,,6.0,6.0,1.0,,7.0,4.0,2.0,,8.0,5.0,1.0,,1.0,0.0,1.0,
887,1987,PHI,,,,,3.0,6.0,2.0,,5.0,7.0,1.0,,10.0,2.0,2.0,,8.0,5.0,1.0,,7.0,2.0,1.0,,4.0,11.0,1.0,,1.0,0.0,1.0,
888,1987,PIT,,,,,3.0,6.0,3.0,,6.0,4.0,2.0,,7.0,4.0,2.0,,5.0,9.0,2.0,,4.0,7.0,0.0,,9.0,5.0,0.0,,2.0,0.0,0.0,
889,1987,QUE,,,,,5.0,4.0,1.0,,5.0,7.0,0.0,,6.0,6.0,1.0,,5.0,8.0,1.0,,5.0,8.0,1.0,,6.0,8.0,1.0,,0.0,2.0,0.0,
890,1987,STL,,,,,3.0,5.0,1.0,,5.0,7.0,1.0,,7.0,5.0,3.0,,8.0,6.0,0.0,,6.0,7.0,0.0,,5.0,6.0,3.0,,0.0,2.0,0.0,
891,1987,TOR,,,,,6.0,4.0,0.0,,4.0,7.0,2.0,,4.0,8.0,2.0,,1.0,9.0,5.0,,4.0,8.0,1.0,,1.0,12.0,0.0,,1.0,1.0,0.0,
892,1987,VAN,,,,,2.0,6.0,1.0,,6.0,7.0,1.0,,4.0,8.0,3.0,,4.0,9.0,2.0,,5.0,8.0,0.0,,3.0,8.0,2.0,,1.0,0.0,0.0,
893,1987,WAS,,,,,6.0,4.0,1.0,,4.0,7.0,1.0,,6.0,6.0,3.0,,8.0,5.0,1.0,,7.0,4.0,0.0,,7.0,6.0,2.0,,0.0,1.0,1.0,
894,1987,WIN,,,,,5.0,4.0,0.0,,5.0,8.0,1.0,,6.0,5.0,2.0,,6.0,5.0,4.0,,6.0,5.0,2.0,,4.0,9.0,1.0,,1.0,0.0,1.0,
895,1988,BOS,,,,,7.0,2.0,3.0,,4.0,7.0,2.0,,4.0,6.0,4.0,,5.0,7.0,1.0,,7.0,2.0,2.0,,8.0,5.0,2.0,,2.0,0.0,0.0,
896,1988,BUF,,,,,5.0,6.0,2.0,,6.0,6.0,0.0,,5.0,7.0,2.0,,8.0,3.0,2.0,,6.0,6.0,0.0,,6.0,7.0,1.0,,2.0,0.0,0.0,
897,1988,CAL,,,,,6.0,3.0,3.0,,10.0,1.0,1.0,,8.0,4.0,2.0,,10.0,3.0,2.0,,10.0,3.0,0.0,,9.0,3.0,1.0,,1.0,0.0,0.0,
898,1988,CHI,,,,,3.0,9.0,1.0,,3.0,7.0,3.0,,4.0,8.0,0.0,,6.0,5.0,3.0,,6.0,3.0,3.0,,4.0,8.0,2.0,,1.0,1.0,0.0,
899,1988,DET,,,,,4.0,4.0,3.0,,9.0,3.0,1.0,,5.0,8.0,1.0,,5.0,6.0,3.0,,5.0,5.0,3.0,,6.0,7.0,1.0,,0.0,1.0,0.0,
900,1988,EDM,,,,,5.0,4.0,2.0,,10.0,4.0,1.0,,5.0,6.0,1.0,,5.0,8.0,2.0,,7.0,5.0,0.0,,6.0,6.0,2.0,,0.0,1.0,0.0,
901,1988,HAR,,,,,5.0,5.0,0.0,,4.0,8.0,1.0,,6.0,7.0,2.0,,6.0,6.0,1.0,,7.0,5.0,0.0,,8.0,6.0,1.0,,1.0,1.0,0.0,
902,1988,LAK,,,,,6.0,5.0,0.0,,10.0,4.0,0.0,,8.0,5.0,1.0,,3.0,7.0,3.0,,5.0,5.0,2.0,,8.0,5.0,1.0,,2.0,0.0,0.0,
903,1988,MNS,,,,,2.0,8.0,1.0,,5.0,5.0,3.0,,5.0,6.0,3.0,,4.0,4.0,5.0,,4.0,6.0,2.0,,7.0,7.0,2.0,,0.0,1.0,0.0,
904,1988,MTL,,,,,4.0,7.0,1.0,,11.0,2.0,2.0,,11.0,1.0,3.0,,9.0,4.0,0.0,,8.0,1.0,1.0,,10.0,3.0,1.0,,0.0,0.0,1.0,
905,1988,NJD,,,,,4.0,6.0,1.0,,4.0,6.0,3.0,,5.0,7.0,3.0,,5.0,6.0,2.0,,3.0,6.0,3.0,,5.0,9.0,0.0,,1.0,1.0,0.0,
906,1988,NYI,,,,,4.0,5.0,1.0,,3.0,10.0,1.0,,3.0,9.0,0.0,,6.0,7.0,1.0,,5.0,7.0,1.0,,6.0,8.0,1.0,,1.0,1.0,0.0,
907,1988,NYR,,,,,8.0,2.0,1.0,,6.0,6.0,2.0,,6.0,6.0,2.0,,8.0,2.0,3.0,,5.0,7.0,0.0,,4.0,10.0,0.0,,0.0,2.0,0.0,
908,1988,PHI,,,,,6.0,5.0,0.0,,4.0,11.0,1.0,,11.0,2.0,1.0,,5.0,5.0,1.0,,5.0,7.0,0.0,,5.0,5.0,4.0,,0.0,1.0,1.0,
909,1988,PIT,,,,,7.0,4.0,0.0,,7.0,6.0,0.0,,9.0,2.0,3.0,,5.0,6.0,1.0,,4.0,6.0,3.0,,6.0,9.0,0.0,,2.0,0.0,0.0,
910,1988,QUE,,,,,5.0,7.0,0.0,,3.0,9.0,2.0,,5.0,7.0,2.0,,5.0,6.0,2.0,,4.0,8.0,0.0,,5.0,7.0,1.0,,0.0,2.0,0.0,
911,1988,STL,,,,,5.0,3.0,1.0,,3.0,7.0,3.0,,6.0,7.0,3.0,,4.0,6.0,2.0,,4.0,8.0,1.0,,9.0,4.0,2.0,,2.0,0.0,0.0,
912,1988,TOR,,,,,8.0,4.0,1.0,,3.0,9.0,0.0,,3.0,10.0,1.0,,2.0,8.0,3.0,,6.0,6.0,0.0,,6.0,7.0,1.0,,0.0,2.0,0.0,
913,1988,VAN,,,,,5.0,5.0,2.0,,6.0,7.0,3.0,,4.0,7.0,0.0,,5.0,6.0,2.0,,8.0,5.0,0.0,,5.0,7.0,1.0,,0.0,2.0,0.0,
914,1988,WAS,,,,,3.0,7.0,1.0,,9.0,4.0,1.0,,7.0,4.0,3.0,,6.0,3.0,5.0,,5.0,7.0,0.0,,10.0,3.0,0.0,,1.0,1.0,0.0,
915,1988,WIN,,,,,3.0,4.0,2.0,,6.0,4.0,2.0,,5.0,6.0,3.0,,4.0,8.0,2.0,,3.0,9.0,1.0,,4.0,11.0,2.0,,1.0,0.0,0.0,
916,1989,BOS,,,,,5.0,6.0,1.0,,10.0,1.0,1.0,,6.0,8.0,1.0,,10.0,1.0,2.0,,7.0,6.0,0.0,,8.0,3.0,3.0,,0.0,0.0,1.0,
917,1989,BUF,,,,,7.0,4.0,1.0,,9.0,2.0,3.0,,7.0,5.0,2.0,,7.0,6.0,0.0,,6.0,7.0,0.0,,8.0,3.0,2.0,,1.0,0.0,0.0,
918,1989,CAL,,,,,6.0,3.0,4.0,,5.0,6.0,4.0,,6.0,4.0,2.0,,8.0,2.0,3.0,,6.0,5.0,0.0,,10.0,3.0,2.0,,1.0,0.0,0.0,
919,1989,CHI,,,,,9.0,5.0,1.0,,5.0,6.0,1.0,,8.0,4.0,1.0,,6.0,4.0,1.0,,7.0,6.0,0.0,,5.0,8.0,2.0,,1.0,0.0,0.0,
920,1989,DET,,,,,4.0,6.0,2.0,,2.0,10.0,1.0,,6.0,5.0,3.0,,6.0,6.0,0.0,,5.0,5.0,4.0,,5.0,6.0,3.0,,0.0,0.0,1.0,
921,1989,EDM,,,,,4.0,5.0,3.0,,8.0,5.0,2.0,,9.0,2.0,2.0,,5.0,5.0,3.0,,5.0,6.0,2.0,,6.0,5.0,2.0,,1.0,0.0,0.0,
922,1989,HAR,,,,,6.0,6.0,1.0,,6.0,8.0,0.0,,7.0,4.0,1.0,,4.0,4.0,4.0,,6.0,6.0,1.0,,9.0,5.0,1.0,,0.0,0.0,1.0,
923,1989,LAK,,,,,7.0,6.0,0.0,,5.0,5.0,2.0,,7.0,4.0,2.0,,3.0,8.0,2.0,,6.0,7.0,0.0,,6.0,8.0,1.0,,0.0,1.0,0.0,
924,1989,MNS,,,,,7.0,4.0,1.0,,9.0,5.0,0.0,,2.0,11.0,2.0,,6.0,7.0,0.0,,3.0,8.0,0.0,,9.0,4.0,1.0,,0.0,1.0,0.0,
925,1989,MTL,,,,,9.0,6.0,0.0,,8.0,4.0,2.0,,3.0,7.0,3.0,,6.0,4.0,1.0,,9.0,3.0,1.0,,6.0,4.0,3.0,,0.0,0.0,1.0,
926,1989,NJD,,,,,6.0,5.0,1.0,,5.0,5.0,2.0,,7.0,8.0,1.0,,6.0,5.0,1.0,,2.0,7.0,3.0,,11.0,4.0,0.0,,0.0,0.0,1.0,
927,1989,NYI,,,,,3.0,6.0,3.0,,3.0,12.0,0.0,,9.0,3.0,1.0,,9.0,3.0,1.0,,4.0,5.0,3.0,,3.0,9.0,3.0,,,,,
928,1989,NYR,,,,,8.0,2.0,3.0,,5.0,7.0,1.0,,2.0,9.0,3.0,,5.0,4.0,3.0,,9.0,3.0,1.0,,7.0,5.0,2.0,,0.0,1.0,0.0,
929,1989,PHI,,,,,3.0,7.0,1.0,,9.0,3.0,2.0,,6.0,7.0,2.0,,2.0,9.0,2.0,,5.0,5.0,2.0,,5.0,8.0,1.0,,0.0,0.0,1.0,
930,1989,PIT,,,,,3.0,7.0,2.0,,6.0,7.0,0.0,,7.0,5.0,1.0,,6.0,6.0,1.0,,8.0,5.0,1.0,,2.0,10.0,3.0,,,,,
931,1989,QUE,,,,,3.0,8.0,1.0,,3.0,11.0,1.0,,1.0,6.0,4.0,,2.0,11.0,0.0,,2.0,11.0,0.0,,1.0,13.0,1.0,,0.0,1.0,0.0,
932,1989,STL,,,,,5.0,5.0,1.0,,6.0,4.0,3.0,,5.0,8.0,2.0,,7.0,4.0,2.0,,9.0,4.0,0.0,,5.0,9.0,1.0,,,,,
933,1989,TOR,,,,,6.0,7.0,0.0,,6.0,7.0,0.0,,7.0,7.0,1.0,,8.0,2.0,1.0,,6.0,6.0,1.0,,5.0,9.0,1.0,,,,,
934,1989,VAN,,,,,7.0,5.0,1.0,,2.0,7.0,3.0,,3.0,7.0,4.0,,2.0,11.0,1.0,,6.0,6.0,2.0,,5.0,5.0,3.0,,,,,
935,1989,WAS,,,,,3.0,7.0,3.0,,6.0,4.0,1.0,,9.0,5.0,0.0,,5.0,10.0,0.0,,5.0,7.0,0.0,,7.0,5.0,2.0,,1.0,0.0,0.0,
936,1989,WIN,,,,,5.0,6.0,0.0,,7.0,6.0,1.0,,5.0,3.0,4.0,,6.0,7.0,2.0,,7.0,5.0,1.0,,7.0,4.0,3.0,,0.0,1.0,0.0,
937,1990,BOS,,,,,6.0,4.0,2.0,,8.0,3.0,2.0,,6.0,5.0,4.0,,10.0,4.0,0.0,,7.0,4.0,0.0,,7.0,4.0,4.0,,,,,
938,1990,BUF,,,,,3.0,5.0,4.0,,6.0,4.0,2.0,,5.0,7.0,3.0,,7.0,5.0,1.0,,3.0,4.0,6.0,,7.0,5.0,3.0,,,,,
939,1990,CAL,,,,,9.0,4.0,0.0,,5.0,5.0,3.0,,8.0,5.0,1.0,,5.0,6.0,1.0,,8.0,2.0,2.0,,11.0,4.0,1.0,,,,,
940,1990,CHI,,,,,8.0,5.0,0.0,,9.0,3.0,2.0,,10.0,5.0,1.0,,7.0,2.0,1.0,,5.0,6.0,2.0,,10.0,2.0,2.0,,,,,
941,1990,DET,,,,,6.0,4.0,3.0,,6.0,6.0,0.0,,7.0,7.0,1.0,,3.0,9.0,1.0,,6.0,5.0,3.0,,6.0,7.0,0.0,,,,,
942,1990,EDM,,,,,2.0,7.0,2.0,,5.0,7.0,0.0,,11.0,3.0,0.0,,7.0,5.0,1.0,,5.0,8.0,1.0,,7.0,7.0,2.0,,,,,
943,1990,HAR,,,,,4.0,7.0,2.0,,6.0,4.0,2.0,,6.0,9.0,0.0,,6.0,5.0,1.0,,6.0,5.0,2.0,,3.0,8.0,4.0,,,,,
944,1990,LAK,,,,,9.0,3.0,1.0,,7.0,3.0,2.0,,3.0,7.0,2.0,,9.0,5.0,0.0,,10.0,2.0,2.0,,8.0,4.0,3.0,,,,,
945,1990,MNS,,,,,2.0,8.0,3.0,,4.0,7.0,3.0,,5.0,8.0,1.0,,5.0,7.0,2.0,,5.0,2.0,3.0,,6.0,7.0,2.0,,,,,
946,1990,MTL,,,,,7.0,6.0,1.0,,6.0,5.0,2.0,,6.0,6.0,2.0,,10.0,3.0,0.0,,3.0,5.0,3.0,,7.0,5.0,3.0,,,,,
947,1990,NJD,,,,,8.0,4.0,1.0,,5.0,6.0,2.0,,6.0,3.0,6.0,,3.0,8.0,1.0,,5.0,6.0,1.0,,5.0,6.0,4.0,,,,,
948,1990,NYI,,,,,3.0,9.0,0.0,,6.0,5.0,2.0,,5.0,5.0,3.0,,4.0,9.0,1.0,,3.0,8.0,3.0,,4.0,9.0,1.0,,,,,
949,1990,NYR,,,,,11.0,3.0,0.0,,5.0,5.0,5.0,,5.0,5.0,2.0,,6.0,5.0,2.0,,5.0,4.0,3.0,,4.0,9.0,1.0,,,,,
950,1990,PHI,,,,,6.0,6.0,0.0,,11.0,4.0,2.0,,4.0,8.0,3.0,,6.0,4.0,1.0,,4.0,5.0,2.0,,2.0,10.0,2.0,,,,,
951,1990,PIT,,,,,6.0,6.0,1.0,,5.0,6.0,1.0,,10.0,6.0,1.0,,7.0,4.0,0.0,,4.0,7.0,1.0,,9.0,4.0,2.0,,,,,
952,1990,QUE,,,,,3.0,7.0,3.0,,1.0,11.0,2.0,,5.0,7.0,2.0,,2.0,8.0,2.0,,1.0,9.0,2.0,,4.0,8.0,3.0,,,,,
953,1990,STL,,,,,8.0,3.0,1.0,,7.0,4.0,2.0,,6.0,5.0,3.0,,9.0,3.0,1.0,,9.0,3.0,1.0,,8.0,4.0,3.0,,,,,
954,1990,TOR,,,,,2.0,10.0,1.0,,3.0,12.0,0.0,,7.0,4.0,1.0,,1.0,7.0,3.0,,5.0,7.0,2.0,,5.0,6.0,4.0,,,,,
955,1990,VAN,,,,,6.0,6.0,0.0,,6.0,6.0,2.0,,5.0,9.0,1.0,,2.0,9.0,2.0,,5.0,6.0,2.0,,4.0,7.0,2.0,,,,,
956,1990,WAS,,,,,7.0,7.0,0.0,,7.0,7.0,0.0,,4.0,8.0,1.0,,6.0,5.0,2.0,,4.0,5.0,2.0,,9.0,4.0,2.0,,,,,
957,1990,WIN,,,,,5.0,7.0,1.0,,4.0,9.0,2.0,,4.0,6.0,4.0,,5.0,7.0,1.0,,5.0,5.0,3.0,,3.0,9.0,0.0,,,,,
958,1991,BOS,,,,,3.0,6.0,2.0,,7.0,4.0,2.0,,7.0,6.0,1.0,,9.0,3.0,1.0,,3.0,6.0,3.0,,6.0,7.0,1.0,,1.0,0.0,2.0,
959,1991,BUF,,,,,4.0,6.0,1.0,,5.0,6.0,2.0,,3.0,7.0,3.0,,8.0,3.0,3.0,,4.0,7.0,1.0,,6.0,6.0,2.0,,1.0,2.0,0.0,
960,1991,CAL,,,,,6.0,5.0,1.0,,5.0,5.0,3.0,,5.0,7.0,1.0,,5.0,5.0,2.0,,4.0,7.0,2.0,,5.0,7.0,2.0,,1.0,1.0,1.0,
961,1991,CHI,,,,,6.0,5.0,3.0,,4.0,6.0,2.0,,5.0,5.0,4.0,,9.0,3.0,1.0,,3.0,5.0,3.0,,9.0,3.0,2.0,,0.0,2.0,0.0,
962,1991,DET,,,,,5.0,6.0,1.0,,9.0,3.0,2.0,,9.0,2.0,1.0,,5.0,4.0,3.0,,8.0,4.0,2.0,,5.0,6.0,3.0,,2.0,0.0,0.0,
963,1991,EDM,,,,,5.0,6.0,2.0,,3.0,7.0,2.0,,7.0,5.0,2.0,,5.0,8.0,1.0,,9.0,3.0,0.0,,6.0,4.0,3.0,,1.0,1.0,0.0,
964,1991,HAR,,,,,5.0,3.0,2.0,,6.0,7.0,1.0,,3.0,8.0,1.0,,1.0,7.0,3.0,,4.0,6.0,4.0,,5.0,9.0,2.0,,2.0,1.0,0.0,
965,1991,LAK,,,,,7.0,3.0,3.0,,4.0,6.0,3.0,,3.0,7.0,1.0,,5.0,4.0,4.0,,9.0,4.0,2.0,,6.0,6.0,1.0,,1.0,1.0,0.0,
966,1991,MNS,,,,,5.0,6.0,0.0,,4.0,6.0,2.0,,7.0,4.0,1.0,,5.0,7.0,1.0,,5.0,9.0,1.0,,6.0,8.0,0.0,,0.0,2.0,1.0,
967,1991,MTL,,,,,9.0,3.0,1.0,,8.0,7.0,1.0,,9.0,4.0,0.0,,5.0,4.0,2.0,,6.0,4.0,4.0,,4.0,5.0,2.0,,0.0,1.0,1.0,
968,1991,NJD,,,,,8.0,5.0,0.0,,6.0,5.0,1.0,,4.0,4.0,5.0,,7.0,2.0,1.0,,8.0,5.0,2.0,,4.0,8.0,2.0,,1.0,2.0,0.0,
969,1991,NYI,,,,,3.0,6.0,2.0,,6.0,6.0,1.0,,3.0,6.0,3.0,,6.0,6.0,0.0,,9.0,5.0,1.0,,5.0,6.0,3.0,,2.0,0.0,1.0,
970,1991,NYR,,,,,9.0,5.0,0.0,,6.0,5.0,1.0,,10.0,4.0,0.0,,8.0,3.0,1.0,,7.0,3.0,2.0,,9.0,4.0,1.0,,1.0,1.0,0.0,
971,1991,PHI,,,,,4.0,5.0,1.0,,4.0,8.0,1.0,,4.0,4.0,5.0,,4.0,7.0,2.0,,7.0,5.0,2.0,,8.0,6.0,0.0,,1.0,2.0,0.0,
972,1991,PIT,,,,,5.0,5.0,2.0,,8.0,3.0,2.0,,9.0,5.0,0.0,,3.0,7.0,1.0,,3.0,7.0,3.0,,10.0,3.0,1.0,,1.0,2.0,0.0,
973,1991,QUE,,,,,2.0,9.0,1.0,,4.0,8.0,1.0,,5.0,5.0,3.0,,1.0,10.0,1.0,,1.0,9.0,3.0,,5.0,7.0,2.0,,2.0,0.0,1.0,
974,1991,SJS,,,,,1.0,13.0,0.0,,4.0,7.0,2.0,,3.0,8.0,1.0,,3.0,8.0,1.0,,3.0,8.0,1.0,,3.0,11.0,0.0,,0.0,3.0,0.0,
975,1991,STL,,,,,5.0,3.0,4.0,,6.0,6.0,1.0,,6.0,5.0,2.0,,5.0,6.0,2.0,,8.0,6.0,0.0,,4.0,7.0,1.0,,2.0,0.0,1.0,
976,1991,TOR,,,,,3.0,8.0,1.0,,4.0,8.0,3.0,,3.0,9.0,1.0,,5.0,5.0,0.0,,7.0,6.0,1.0,,7.0,5.0,1.0,,1.0,2.0,0.0,
977,1991,VAN,,,,,9.0,3.0,1.0,,7.0,4.0,2.0,,6.0,4.0,3.0,,7.0,3.0,1.0,,5.0,6.0,2.0,,7.0,5.0,2.0,,1.0,1.0,1.0,
978,1991,WAS,,,,,9.0,3.0,0.0,,9.0,5.0,0.0,,7.0,5.0,1.0,,4.0,4.0,3.0,,8.0,4.0,2.0,,7.0,5.0,1.0,,1.0,1.0,1.0,
979,1991,WIN,,,,,6.0,5.0,2.0,,6.0,3.0,3.0,,4.0,8.0,3.0,,5.0,6.0,2.0,,4.0,6.0,1.0,,5.0,4.0,4.0,,3.0,0.0,0.0,
980,1992,BOS,,,,,7.0,2.0,1.0,,7.0,5.0,1.0,,7.0,7.0,0.0,,8.0,5.0,2.0,,4.0,3.0,3.0,,11.0,4.0,0.0,,7.0,0.0,0.0,
981,1992,BUF,,,,,6.0,3.0,2.0,,4.0,8.0,2.0,,6.0,4.0,2.0,,10.0,5.0,0.0,,5.0,4.0,1.0,,7.0,5.0,3.0,,0.0,7.0,0.0,
982,1992,CAL,,,,,8.0,4.0,0.0,,6.0,5.0,2.0,,10.0,1.0,2.0,,3.0,9.0,2.0,,6.0,2.0,4.0,,4.0,8.0,0.0,,6.0,1.0,1.0,
983,1992,CHI,,,,,4.0,5.0,2.0,,8.0,5.0,1.0,,10.0,4.0,1.0,,9.0,3.0,4.0,,5.0,4.0,0.0,,6.0,3.0,2.0,,5.0,1.0,2.0,
984,1992,DET,,,,,7.0,5.0,0.0,,7.0,6.0,1.0,,7.0,6.0,2.0,,7.0,3.0,3.0,,5.0,4.0,3.0,,9.0,4.0,0.0,,5.0,0.0,0.0,
985,1992,EDM,,,,,3.0,8.0,1.0,,5.0,4.0,3.0,,5.0,9.0,1.0,,5.0,6.0,3.0,,5.0,7.0,0.0,,3.0,10.0,0.0,,0.0,6.0,0.0,
986,1992,HAR,,,,,3.0,8.0,0.0,,3.0,8.0,1.0,,5.0,7.0,2.0,,3.0,11.0,1.0,,3.0,7.0,0.0,,5.0,7.0,1.0,,4.0,4.0,1.0,
987,1992,LAK,,,,,7.0,4.0,1.0,,9.0,3.0,1.0,,4.0,7.0,2.0,,4.0,7.0,2.0,,3.0,8.0,1.0,,9.0,3.0,2.0,,3.0,3.0,1.0,
988,1992,MNS,,,,,6.0,5.0,1.0,,7.0,4.0,2.0,,6.0,4.0,2.0,,7.0,5.0,3.0,,4.0,7.0,1.0,,3.0,9.0,1.0,,3.0,4.0,0.0,
989,1992,MTL,,,,,7.0,3.0,2.0,,10.0,3.0,1.0,,5.0,8.0,1.0,,10.0,4.0,1.0,,8.0,1.0,1.0,,6.0,7.0,0.0,,2.0,4.0,0.0,
990,1992,NJD,,,,,7.0,5.0,0.0,,5.0,5.0,0.0,,6.0,6.0,1.0,,6.0,6.0,3.0,,7.0,4.0,1.0,,7.0,7.0,1.0,,2.0,4.0,1.0,
991,1992,NYI,,,,,6.0,5.0,1.0,,3.0,6.0,2.0,,7.0,7.0,1.0,,7.0,5.0,1.0,,6.0,5.0,1.0,,7.0,5.0,0.0,,4.0,4.0,1.0,
992,1992,NYR,,,,,7.0,4.0,1.0,,4.0,6.0,2.0,,8.0,6.0,1.0,,4.0,5.0,3.0,,5.0,4.0,3.0,,5.0,6.0,1.0,,1.0,8.0,0.0,
993,1992,OTT,,,,,1.0,9.0,1.0,,1.0,13.0,0.0,,1.0,12.0,2.0,,2.0,12.0,0.0,,4.0,7.0,1.0,,0.0,10.0,0.0,,1.0,7.0,0.0,
994,1992,PHI,,,,,3.0,7.0,3.0,,6.0,3.0,1.0,,4.0,8.0,1.0,,5.0,8.0,2.0,,4.0,4.0,4.0,,6.0,6.0,0.0,,8.0,1.0,0.0,
995,1992,PIT,,,,,8.0,1.0,2.0,,9.0,5.0,1.0,,9.0,3.0,1.0,,8.0,5.0,1.0,,5.0,5.0,1.0,,11.0,2.0,0.0,,6.0,0.0,1.0,
996,1992,QUE,,,,,7.0,3.0,1.0,,6.0,5.0,4.0,,9.0,4.0,1.0,,6.0,4.0,2.0,,7.0,4.0,1.0,,8.0,4.0,1.0,,4.0,3.0,0.0,
997,1992,SJS,,,,,2.0,9.0,0.0,,3.0,9.0,1.0,,1.0,13.0,0.0,,0.0,13.0,1.0,,2.0,11.0,0.0,,2.0,10.0,0.0,,1.0,6.0,0.0,
998,1992,STL,,,,,5.0,6.0,1.0,,3.0,6.0,3.0,,5.0,7.0,1.0,,9.0,4.0,2.0,,7.0,6.0,1.0,,6.0,4.0,1.0,,2.0,3.0,2.0,
999,1992,TBL,,,,,4.0,7.0,1.0,,6.0,8.0,1.0,,4.0,8.0,0.0,,3.0,10.0,1.0,,2.0,7.0,2.0,,3.0,9.0,0.0,,1.0,5.0,2.0,
1000,1992,TOR,,,,,6.0,4.0,2.0,,5.0,5.0,1.0,,4.0,7.0,3.0,,9.0,4.0,1.0,,8.0,2.0,2.0,,9.0,3.0,2.0,,3.0,4.0,0.0,
1001,1992,VAN,,,,,5.0,4.0,1.0,,9.0,5.0,1.0,,9.0,1.0,1.0,,6.0,4.0,5.0,,6.0,5.0,0.0,,5.0,8.0,1.0,,6.0,2.0,0.0,
1002,1992,WAS,,,,,4.0,8.0,0.0,,7.0,5.0,2.0,,9.0,3.0,1.0,,5.0,5.0,3.0,,7.0,3.0,0.0,,7.0,6.0,1.0,,4.0,4.0,0.0,
1003,1992,WIN,,,,,4.0,8.0,0.0,,4.0,5.0,2.0,,7.0,6.0,1.0,,10.0,3.0,2.0,,3.0,7.0,1.0,,7.0,6.0,1.0,,5.0,2.0,0.0,
1004,1993,ANA,,,,,2.0,8.0,2.0,,6.0,7.0,0.0,,6.0,8.0,0.0,,6.0,6.0,2.0,,4.0,6.0,1.0,,6.0,8.0,0.0,,3.0,3.0,0.0,
1005,1993,BOS,,,,,4.0,3.0,4.0,,8.0,3.0,2.0,,5.0,6.0,1.0,,8.0,4.0,2.0,,8.0,3.0,2.0,,6.0,6.0,2.0,,3.0,4.0,0.0,
1006,1993,BUF,,,,,4.0,7.0,1.0,,6.0,5.0,1.0,,8.0,5.0,1.0,,5.0,5.0,2.0,,8.0,4.0,2.0,,8.0,3.0,2.0,,4.0,3.0,0.0,
1007,1993,CAL,,,,,8.0,3.0,2.0,,7.0,4.0,2.0,,5.0,7.0,2.0,,4.0,5.0,3.0,,8.0,3.0,1.0,,6.0,5.0,2.0,,4.0,2.0,1.0,
1008,1993,CHI,,,,,4.0,7.0,2.0,,8.0,2.0,0.0,,6.0,5.0,2.0,,5.0,6.0,2.0,,6.0,7.0,1.0,,6.0,7.0,2.0,,4.0,2.0,0.0,
1009,1993,DAL,,,,,6.0,4.0,2.0,,6.0,5.0,4.0,,8.0,4.0,1.0,,7.0,6.0,0.0,,7.0,2.0,1.0,,5.0,5.0,4.0,,3.0,3.0,1.0,
1010,1993,DET,,,,,5.0,7.0,0.0,,6.0,3.0,2.0,,9.0,3.0,1.0,,8.0,3.0,2.0,,9.0,4.0,0.0,,7.0,7.0,1.0,,2.0,3.0,2.0,
1011,1993,EDM,,,,,2.0,10.0,1.0,,2.0,9.0,2.0,,7.0,5.0,2.0,,2.0,7.0,3.0,,4.0,7.0,2.0,,5.0,5.0,2.0,,3.0,2.0,2.0,
1012,1993,FLO,,,,,4.0,5.0,3.0,,4.0,8.0,0.0,,7.0,2.0,3.0,,6.0,2.0,4.0,,5.0,9.0,0.0,,6.0,6.0,3.0,,1.0,2.0,4.0,
1013,1993,HAR,,,,,3.0,8.0,1.0,,4.0,7.0,1.0,,6.0,6.0,1.0,,4.0,8.0,2.0,,4.0,6.0,2.0,,4.0,10.0,1.0,,2.0,3.0,1.0,
1014,1993,LAK,,,,,6.0,5.0,2.0,,3.0,8.0,0.0,,5.0,7.0,1.0,,5.0,5.0,3.0,,2.0,8.0,3.0,,4.0,7.0,2.0,,2.0,5.0,1.0,
1015,1993,MTL,,,,,7.0,3.0,2.0,,4.0,6.0,1.0,,5.0,6.0,3.0,,8.0,4.0,2.0,,9.0,3.0,1.0,,6.0,3.0,4.0,,2.0,4.0,1.0,
1016,1993,NJD,,,,,8.0,2.0,0.0,,7.0,4.0,2.0,,6.0,6.0,2.0,,6.0,4.0,2.0,,6.0,4.0,3.0,,12.0,1.0,2.0,,2.0,4.0,1.0,
1017,1993,NYI,,,,,3.0,7.0,1.0,,6.0,6.0,1.0,,6.0,4.0,1.0,,2.0,8.0,2.0,,9.0,4.0,1.0,,5.0,6.0,4.0,,5.0,1.0,2.0,
1018,1993,NYR,,,,,7.0,5.0,1.0,,11.0,1.0,1.0,,8.0,3.0,1.0,,7.0,4.0,0.0,,7.0,5.0,1.0,,7.0,5.0,3.0,,5.0,1.0,1.0,
1019,1993,OTT,,,,,2.0,6.0,2.0,,3.0,9.0,1.0,,3.0,13.0,0.0,,1.0,9.0,4.0,,1.0,9.0,1.0,,3.0,10.0,0.0,,1.0,5.0,1.0,
1020,1993,PHI,,,,,9.0,3.0,0.0,,7.0,6.0,1.0,,4.0,8.0,2.0,,4.0,6.0,0.0,,5.0,8.0,1.0,,4.0,7.0,3.0,,2.0,1.0,3.0,
1021,1993,PIT,,,,,7.0,4.0,1.0,,5.0,3.0,5.0,,6.0,4.0,2.0,,6.0,3.0,3.0,,7.0,6.0,1.0,,9.0,5.0,1.0,,4.0,2.0,0.0,
1022,1993,QUE,,,,,5.0,6.0,1.0,,3.0,6.0,3.0,,8.0,5.0,1.0,,4.0,8.0,0.0,,4.0,8.0,0.0,,7.0,6.0,2.0,,3.0,3.0,1.0,
1023,1993,SJS,,,,,3.0,9.0,1.0,,7.0,4.0,3.0,,2.0,7.0,3.0,,4.0,2.0,4.0,,6.0,8.0,1.0,,8.0,3.0,3.0,,3.0,2.0,1.0,
1024,1993,STL,,,,,7.0,2.0,1.0,,5.0,4.0,4.0,,7.0,8.0,0.0,,7.0,4.0,2.0,,6.0,5.0,1.0,,5.0,7.0,1.0,,3.0,3.0,2.0,
1025,1993,TBL,,,,,3.0,8.0,1.0,,3.0,8.0,1.0,,6.0,6.0,2.0,,7.0,4.0,2.0,,4.0,7.0,2.0,,3.0,7.0,3.0,,4.0,3.0,0.0,
1026,1993,TOR,,,,,10.0,1.0,0.0,,7.0,4.0,4.0,,4.0,7.0,2.0,,7.0,2.0,4.0,,6.0,5.0,1.0,,6.0,7.0,1.0,,3.0,3.0,0.0,
1027,1993,VAN,,,,,7.0,3.0,0.0,,7.0,7.0,0.0,,5.0,8.0,0.0,,6.0,5.0,2.0,,5.0,5.0,1.0,,8.0,8.0,0.0,,3.0,4.0,0.0,
1028,1993,WAS,,,,,6.0,7.0,0.0,,4.0,6.0,1.0,,7.0,4.0,2.0,,5.0,7.0,1.0,,9.0,2.0,2.0,,4.0,6.0,4.0,,4.0,3.0,0.0,
1029,1993,WIN,,,,,6.0,5.0,1.0,,4.0,8.0,2.0,,5.0,7.0,2.0,,2.0,9.0,1.0,,0.0,11.0,2.0,,6.0,6.0,0.0,,1.0,5.0,1.0,
1030,1994,ANA,,,,,,,,,,,,,,,,,3.0,3.0,0.0,,2.0,8.0,1.0,,4.0,8.0,3.0,,6.0,7.0,1.0,
1031,1994,BOS,,,,,,,,,,,,,,,,,3.0,2.0,0.0,,7.0,4.0,2.0,,7.0,6.0,0.0,,8.0,6.0,1.0,
1032,1994,BUF,,,,,,,,,,,,,,,,,3.0,2.0,1.0,,4.0,5.0,2.0,,7.0,5.0,2.0,,6.0,7.0,2.0,
1033,1994,CAL,,,,,,,,,,,,,,,,,2.0,2.0,1.0,,8.0,4.0,2.0,,6.0,7.0,2.0,,7.0,4.0,2.0,
1034,1994,CHI,,,,,,,,,,,,,,,,,3.0,3.0,0.0,,9.0,2.0,1.0,,7.0,5.0,2.0,,3.0,9.0,2.0,
1035,1994,DAL,,,,,,,,,,,,,,,,,2.0,2.0,1.0,,3.0,8.0,2.0,,6.0,5.0,2.0,,6.0,7.0,3.0,
1036,1994,DET,,,,,,,,,,,,,,,,,5.0,1.0,0.0,,7.0,4.0,1.0,,10.0,2.0,1.0,,10.0,4.0,2.0,
1037,1994,EDM,,,,,,,,,,,,,,,,,2.0,4.0,0.0,,5.0,6.0,2.0,,5.0,7.0,1.0,,5.0,8.0,1.0,
1038,1994,FLO,,,,,,,,,,,,,,,,,3.0,4.0,0.0,,4.0,7.0,2.0,,6.0,5.0,2.0,,5.0,6.0,2.0,
1039,1994,HAR,,,,,,,,,,,,,,,,,1.0,2.0,2.0,,6.0,7.0,1.0,,6.0,6.0,2.0,,6.0,8.0,0.0,
1040,1994,LAK,,,,,,,,,,,,,,,,,1.0,4.0,1.0,,4.0,5.0,3.0,,6.0,6.0,2.0,,4.0,7.0,3.0,
1041,1994,MTL,,,,,,,,,,,,,,,,,2.0,2.0,1.0,,5.0,6.0,3.0,,4.0,7.0,1.0,,7.0,6.0,2.0,
1042,1994,NJD,,,,,,,,,,,,,,,,,1.0,3.0,1.0,,6.0,4.0,3.0,,7.0,6.0,2.0,,8.0,4.0,2.0,
1043,1994,NYI,,,,,,,,,,,,,,,,,3.0,2.0,1.0,,5.0,6.0,2.0,,2.0,10.0,1.0,,5.0,9.0,1.0,
1044,1994,NYR,,,,,,,,,,,,,,,,,2.0,4.0,0.0,,7.0,4.0,3.0,,4.0,8.0,0.0,,9.0,6.0,0.0,
1045,1994,OTT,,,,,,,,,,,,,,,,,0.0,3.0,2.0,,2.0,9.0,1.0,,2.0,11.0,1.0,,4.0,10.0,1.0,
1046,1994,PHI,,,,,,,,,,,,,,,,,2.0,4.0,1.0,,6.0,4.0,1.0,,9.0,4.0,2.0,,10.0,4.0,0.0,
1047,1994,PIT,,,,,,,,,,,,,,,,,5.0,0.0,0.0,,9.0,3.0,2.0,,8.0,6.0,0.0,,7.0,5.0,1.0,
1048,1994,QUE,,,,,,,,,,,,,,,,,5.0,0.0,0.0,,8.0,4.0,2.0,,10.0,4.0,1.0,,6.0,5.0,2.0,
1049,1994,SJS,,,,,,,,,,,,,,,,,4.0,1.0,0.0,,4.0,8.0,2.0,,4.0,8.0,0.0,,6.0,8.0,1.0,
1050,1994,STL,,,,,,,,,,,,,,,,,4.0,2.0,0.0,,8.0,3.0,1.0,,7.0,5.0,1.0,,8.0,4.0,3.0,
1051,1994,TBL,,,,,,,,,,,,,,,,,3.0,3.0,0.0,,5.0,6.0,2.0,,5.0,8.0,0.0,,4.0,10.0,1.0,
1052,1994,TOR,,,,,,,,,,,,,,,,,3.0,2.0,1.0,,6.0,7.0,2.0,,6.0,3.0,4.0,,5.0,6.0,1.0,
1053,1994,VAN,,,,,,,,,,,,,,,,,1.0,3.0,1.0,,4.0,4.0,5.0,,6.0,6.0,2.0,,7.0,5.0,3.0,
1054,1994,WAS,,,,,,,,,,,,,,,,,1.0,3.0,1.0,,2.0,7.0,4.0,,11.0,2.0,2.0,,7.0,6.0,1.0,
1055,1994,WIN,,,,,,,,,,,,,,,,,1.0,4.0,1.0,,5.0,6.0,2.0,,3.0,8.0,2.0,,7.0,5.0,2.0,
1056,1995,ANA,,,,,3.0,8.0,0.0,,8.0,5.0,1.0,,3.0,9.0,3.0,,4.0,5.0,1.0,,5.0,8.0,0.0,,7.0,3.0,2.0,,5.0,1.0,1.0,
1057,1995,BOS,,,,,3.0,5.0,2.0,,5.0,5.0,2.0,,7.0,4.0,1.0,,6.0,6.0,1.0,,6.0,6.0,2.0,,9.0,4.0,1.0,,4.0,1.0,2.0,
1058,1995,BUF,,,,,3.0,7.0,0.0,,7.0,4.0,2.0,,6.0,8.0,1.0,,4.0,7.0,0.0,,6.0,3.0,3.0,,2.0,11.0,1.0,,5.0,2.0,0.0,
1059,1995,CAL,,,,,1.0,7.0,3.0,,3.0,8.0,2.0,,7.0,6.0,2.0,,7.0,2.0,2.0,,6.0,5.0,2.0,,7.0,6.0,0.0,,3.0,3.0,0.0,
1060,1995,CHI,,,,,6.0,5.0,1.0,,5.0,4.0,4.0,,8.0,3.0,3.0,,7.0,3.0,3.0,,7.0,4.0,0.0,,5.0,7.0,1.0,,2.0,2.0,2.0,
1061,1995,COL,,,,,7.0,3.0,1.0,,8.0,2.0,3.0,,7.0,6.0,1.0,,4.0,4.0,4.0,,9.0,3.0,1.0,,8.0,5.0,0.0,,4.0,2.0,0.0,
1062,1995,DAL,,,,,5.0,4.0,2.0,,3.0,3.0,3.0,,2.0,10.0,2.0,,4.0,7.0,4.0,,5.0,7.0,1.0,,5.0,7.0,1.0,,2.0,4.0,1.0,
1063,1995,DET,,,,,5.0,4.0,2.0,,9.0,2.0,0.0,,13.0,1.0,0.0,,8.0,2.0,2.0,,11.0,2.0,0.0,,12.0,1.0,1.0,,4.0,1.0,2.0,
1064,1995,EDM,,,,,4.0,5.0,1.0,,3.0,7.0,4.0,,6.0,8.0,1.0,,5.0,6.0,0.0,,4.0,7.0,1.0,,7.0,6.0,1.0,,1.0,5.0,0.0,
1065,1995,FLO,,,,,7.0,4.0,0.0,,10.0,2.0,1.0,,8.0,4.0,1.0,,6.0,4.0,3.0,,4.0,5.0,3.0,,3.0,9.0,1.0,,3.0,3.0,1.0,
1066,1995,HAR,,,,,4.0,4.0,1.0,,5.0,7.0,1.0,,2.0,10.0,3.0,,8.0,4.0,1.0,,6.0,3.0,1.0,,6.0,6.0,2.0,,3.0,5.0,0.0,
1067,1995,LAK,,,,,4.0,3.0,4.0,,7.0,7.0,1.0,,3.0,5.0,4.0,,3.0,8.0,2.0,,1.0,9.0,4.0,,4.0,6.0,2.0,,2.0,2.0,1.0,
1068,1995,MTL,,,,,6.0,5.0,0.0,,6.0,5.0,1.0,,7.0,6.0,1.0,,6.0,3.0,4.0,,5.0,7.0,1.0,,9.0,3.0,1.0,,1.0,3.0,2.0,
1069,1995,NJD,,,,,6.0,4.0,0.0,,5.0,6.0,3.0,,4.0,9.0,1.0,,7.0,3.0,1.0,,5.0,3.0,3.0,,7.0,4.0,4.0,,3.0,4.0,0.0,
1070,1995,NYI,,,,,2.0,6.0,2.0,,3.0,9.0,1.0,,4.0,7.0,3.0,,4.0,5.0,2.0,,5.0,8.0,0.0,,2.0,12.0,0.0,,2.0,3.0,2.0,
1071,1995,NYR,,,,,7.0,3.0,1.0,,7.0,5.0,2.0,,11.0,3.0,3.0,,5.0,0.0,4.0,,5.0,6.0,1.0,,4.0,4.0,3.0,,2.0,6.0,0.0,
1072,1995,OTT,,,,,5.0,5.0,0.0,,1.0,11.0,1.0,,2.0,12.0,0.0,,1.0,10.0,1.0,,3.0,8.0,1.0,,3.0,10.0,1.0,,3.0,3.0,1.0,
1073,1995,PHI,,,,,7.0,1.0,3.0,,9.0,5.0,1.0,,6.0,5.0,2.0,,2.0,3.0,5.0,,7.0,4.0,1.0,,9.0,4.0,1.0,,5.0,2.0,0.0,
1074,1995,PIT,,,,,4.0,2.0,2.0,,10.0,3.0,1.0,,10.0,4.0,0.0,,7.0,7.0,0.0,,6.0,5.0,1.0,,9.0,5.0,0.0,,3.0,3.0,0.0,
1075,1995,SJS,,,,,0.0,7.0,3.0,,3.0,10.0,1.0,,5.0,8.0,0.0,,3.0,10.0,0.0,,3.0,7.0,2.0,,4.0,9.0,1.0,,2.0,4.0,0.0,
1076,1995,STL,,,,,5.0,5.0,1.0,,5.0,7.0,2.0,,6.0,5.0,2.0,,5.0,3.0,3.0,,5.0,4.0,4.0,,5.0,7.0,2.0,,1.0,3.0,2.0,
1077,1995,TBL,,,,,2.0,4.0,4.0,,7.0,6.0,1.0,,7.0,5.0,1.0,,5.0,5.0,1.0,,7.0,5.0,1.0,,6.0,4.0,4.0,,4.0,3.0,0.0,
1078,1995,TOR,,,,,4.0,5.0,1.0,,7.0,4.0,3.0,,8.0,4.0,2.0,,3.0,6.0,3.0,,3.0,9.0,1.0,,6.0,6.0,2.0,,3.0,2.0,0.0,
1079,1995,VAN,,,,,4.0,4.0,2.0,,2.0,7.0,5.0,,6.0,4.0,3.0,,5.0,5.0,2.0,,7.0,4.0,3.0,,6.0,8.0,0.0,,2.0,3.0,0.0,
1080,1995,WAS,,,,,7.0,3.0,0.0,,4.0,8.0,2.0,,7.0,4.0,1.0,,5.0,6.0,2.0,,6.0,4.0,3.0,,7.0,4.0,3.0,,3.0,3.0,0.0,
1081,1995,WIN,,,,,6.0,4.0,2.0,,6.0,6.0,0.0,,4.0,9.0,1.0,,5.0,5.0,1.0,,5.0,6.0,0.0,,7.0,8.0,1.0,,3.0,2.0,1.0,
1082,1996,ANA,,,,,1.0,9.0,2.0,,6.0,5.0,2.0,,6.0,5.0,1.0,,7.0,5.0,1.0,,6.0,6.0,1.0,,7.0,3.0,4.0,,3.0,0.0,2.0,
1083,1996,BOS,,,,,4.0,4.0,2.0,,5.0,6.0,2.0,,4.0,7.0,2.0,,5.0,8.0,0.0,,3.0,8.0,2.0,,3.0,10.0,1.0,,2.0,4.0,0.0,
1084,1996,BUF,,,,,5.0,6.0,0.0,,8.0,5.0,1.0,,7.0,4.0,2.0,,7.0,4.0,2.0,,5.0,1.0,5.0,,6.0,6.0,1.0,,2.0,4.0,1.0,
1085,1996,CAL,,,,,7.0,5.0,1.0,,3.0,9.0,1.0,,3.0,7.0,3.0,,5.0,5.0,1.0,,8.0,5.0,1.0,,6.0,5.0,1.0,,0.0,5.0,1.0,
1086,1996,CHI,,,,,6.0,5.0,2.0,,6.0,7.0,1.0,,3.0,8.0,3.0,,3.0,6.0,2.0,,7.0,3.0,1.0,,6.0,4.0,3.0,,3.0,2.0,1.0,
1087,1996,COL,,,,,8.0,4.0,1.0,,8.0,2.0,3.0,,7.0,4.0,1.0,,8.0,2.0,3.0,,7.0,4.0,0.0,,8.0,5.0,1.0,,3.0,3.0,0.0,
1088,1996,DAL,,,,,9.0,2.0,0.0,,7.0,6.0,1.0,,6.0,5.0,2.0,,7.0,5.0,1.0,,9.0,4.0,0.0,,8.0,1.0,2.0,,2.0,3.0,2.0,
1089,1996,DET,,,,,7.0,4.0,1.0,,7.0,4.0,2.0,,6.0,4.0,3.0,,2.0,5.0,3.0,,8.0,2.0,3.0,,6.0,5.0,3.0,,2.0,2.0,3.0,
1090,1996,EDM,,,,,7.0,5.0,0.0,,6.0,7.0,1.0,,4.0,7.0,3.0,,8.0,3.0,1.0,,4.0,6.0,2.0,,6.0,7.0,0.0,,1.0,2.0,2.0,
1091,1996,FLO,,,,,8.0,0.0,4.0,,7.0,3.0,2.0,,5.0,6.0,3.0,,6.0,5.0,1.0,,3.0,5.0,5.0,,4.0,7.0,3.0,,2.0,2.0,1.0,
1092,1996,HAR,,,,,5.0,2.0,2.0,,6.0,5.0,3.0,,6.0,6.0,1.0,,3.0,10.0,1.0,,4.0,6.0,2.0,,5.0,7.0,1.0,,3.0,3.0,1.0,
1093,1996,LAK,,,,,5.0,6.0,2.0,,5.0,6.0,1.0,,3.0,9.0,1.0,,5.0,6.0,2.0,,5.0,6.0,2.0,,3.0,8.0,2.0,,2.0,2.0,1.0,
1094,1996,MTL,,,,,4.0,5.0,2.0,,6.0,7.0,2.0,,3.0,6.0,3.0,,6.0,7.0,1.0,,4.0,5.0,3.0,,5.0,4.0,3.0,,3.0,2.0,1.0,
1095,1996,NJD,,,,,4.0,5.0,1.0,,8.0,5.0,0.0,,8.0,3.0,2.0,,4.0,4.0,4.0,,7.0,1.0,5.0,,10.0,3.0,1.0,,4.0,2.0,1.0,
1096,1996,NYI,,,,,1.0,5.0,4.0,,5.0,5.0,4.0,,6.0,7.0,0.0,,4.0,9.0,1.0,,4.0,6.0,1.0,,8.0,4.0,1.0,,1.0,5.0,1.0,
1097,1996,NYR,,,,,5.0,6.0,3.0,,4.0,7.0,1.0,,11.0,3.0,1.0,,5.0,4.0,2.0,,3.0,6.0,2.0,,7.0,6.0,0.0,,3.0,2.0,1.0,
1098,1996,OTT,,,,,3.0,3.0,4.0,,4.0,7.0,2.0,,4.0,7.0,1.0,,4.0,6.0,3.0,,6.0,5.0,3.0,,5.0,6.0,2.0,,5.0,2.0,0.0,
1099,1996,PHI,,,,,6.0,7.0,0.0,,7.0,5.0,1.0,,11.0,0.0,2.0,,5.0,2.0,4.0,,7.0,3.0,2.0,,7.0,5.0,2.0,,2.0,2.0,2.0,
1100,1996,PHO,,,,,4.0,6.0,1.0,,4.0,6.0,3.0,,9.0,5.0,0.0,,5.0,7.0,0.0,,6.0,7.0,0.0,,7.0,4.0,2.0,,3.0,2.0,1.0,
1101,1996,PIT,,,,,2.0,8.0,0.0,,6.0,5.0,2.0,,11.0,2.0,2.0,,8.0,3.0,1.0,,4.0,7.0,0.0,,5.0,8.0,2.0,,2.0,3.0,1.0,
1102,1996,SJS,,,,,5.0,5.0,3.0,,3.0,8.0,1.0,,6.0,6.0,0.0,,4.0,7.0,1.0,,4.0,7.0,2.0,,3.0,10.0,0.0,,2.0,4.0,1.0,
1103,1996,STL,,,,,5.0,7.0,0.0,,8.0,4.0,0.0,,4.0,9.0,2.0,,8.0,3.0,2.0,,3.0,6.0,4.0,,5.0,5.0,1.0,,3.0,1.0,2.0,
1104,1996,TBL,,,,,5.0,4.0,1.0,,2.0,10.0,1.0,,5.0,5.0,3.0,,6.0,5.0,1.0,,6.0,6.0,1.0,,5.0,8.0,1.0,,3.0,2.0,2.0,
1105,1996,TOR,,,,,5.0,6.0,0.0,,5.0,9.0,0.0,,7.0,7.0,0.0,,2.0,10.0,1.0,,4.0,5.0,1.0,,5.0,4.0,5.0,,2.0,3.0,1.0,
1106,1996,VAN,,,,,5.0,5.0,0.0,,8.0,5.0,0.0,,3.0,9.0,1.0,,8.0,4.0,1.0,,4.0,9.0,0.0,,4.0,8.0,3.0,,3.0,0.0,2.0,
1107,1996,WAS,,,,,4.0,6.0,0.0,,9.0,5.0,1.0,,2.0,9.0,2.0,,5.0,5.0,2.0,,4.0,6.0,2.0,,6.0,7.0,1.0,,3.0,2.0,1.0,
1108,1997,ANA,,,,,5.0,4.0,4.0,,6.0,8.0,1.0,,2.0,8.0,2.0,,4.0,7.0,2.0,,3.0,2.0,0.0,,4.0,9.0,2.0,,2.0,5.0,2.0,
1109,1997,BOS,,,,,7.0,5.0,1.0,,4.0,6.0,4.0,,6.0,5.0,2.0,,6.0,4.0,2.0,,1.0,2.0,3.0,,9.0,4.0,1.0,,6.0,4.0,0.0,
1110,1997,BUF,,,,,4.0,7.0,2.0,,3.0,5.0,3.0,,7.0,7.0,1.0,,5.0,2.0,4.0,,3.0,0.0,4.0,,9.0,5.0,1.0,,5.0,3.0,2.0,
1111,1997,CAL,,,,,3.0,8.0,2.0,,2.0,7.0,5.0,,6.0,8.0,1.0,,3.0,6.0,3.0,,2.0,1.0,1.0,,8.0,6.0,1.0,,2.0,5.0,2.0,
1112,1997,CAR,,,,,3.0,8.0,3.0,,7.0,5.0,1.0,,5.0,8.0,1.0,,5.0,7.0,1.0,,1.0,2.0,1.0,,8.0,5.0,1.0,,4.0,6.0,0.0,
1113,1997,CHI,,,,,4.0,10.0,0.0,,6.0,3.0,4.0,,4.0,5.0,3.0,,7.0,4.0,2.0,,2.0,4.0,0.0,,6.0,7.0,3.0,,1.0,6.0,1.0,
1114,1997,COL,,,,,7.0,2.0,5.0,,6.0,4.0,3.0,,8.0,2.0,4.0,,5.0,5.0,4.0,,5.0,1.0,0.0,,6.0,7.0,0.0,,2.0,5.0,1.0,
1115,1997,DAL,,,,,9.0,4.0,1.0,,9.0,3.0,3.0,,7.0,2.0,3.0,,8.0,4.0,1.0,,5.0,0.0,0.0,,5.0,5.0,3.0,,6.0,4.0,0.0,
1116,1997,DET,,,,,10.0,2.0,2.0,,7.0,4.0,2.0,,8.0,3.0,4.0,,4.0,5.0,3.0,,3.0,1.0,2.0,,7.0,5.0,2.0,,5.0,3.0,0.0,
1117,1997,EDM,,,,,5.0,6.0,1.0,,3.0,7.0,5.0,,3.0,7.0,3.0,,7.0,5.0,1.0,,3.0,4.0,0.0,,8.0,6.0,0.0,,6.0,2.0,0.0,
1118,1997,FLO,,,,,3.0,6.0,3.0,,5.0,7.0,2.0,,6.0,7.0,1.0,,4.0,5.0,5.0,,0.0,4.0,1.0,,3.0,10.0,0.0,,3.0,4.0,3.0,
1119,1997,LAK,,,,,5.0,5.0,4.0,,7.0,4.0,1.0,,4.0,7.0,2.0,,7.0,3.0,2.0,,4.0,2.0,1.0,,7.0,6.0,1.0,,4.0,6.0,0.0,
1120,1997,MTL,,,,,6.0,4.0,2.0,,9.0,5.0,1.0,,6.0,6.0,3.0,,6.0,4.0,1.0,,1.0,4.0,0.0,,6.0,6.0,3.0,,3.0,3.0,3.0,
1121,1997,NJD,,,,,7.0,4.0,0.0,,10.0,4.0,0.0,,8.0,3.0,2.0,,6.0,5.0,4.0,,6.0,0.0,0.0,,8.0,3.0,3.0,,3.0,4.0,2.0,
1122,1997,NYI,,,,,5.0,5.0,2.0,,6.0,6.0,2.0,,4.0,9.0,1.0,,3.0,8.0,2.0,,2.0,2.0,1.0,,4.0,8.0,2.0,,6.0,3.0,1.0,
1123,1997,NYR,,,,,3.0,6.0,5.0,,5.0,5.0,4.0,,4.0,7.0,3.0,,4.0,4.0,3.0,,2.0,3.0,1.0,,4.0,9.0,2.0,,3.0,5.0,0.0,
1124,1997,OTT,,,,,8.0,3.0,3.0,,2.0,10.0,1.0,,8.0,5.0,0.0,,4.0,5.0,5.0,,1.0,4.0,1.0,,5.0,4.0,3.0,,6.0,2.0,2.0,
1125,1997,PHI,,,,,7.0,5.0,2.0,,8.0,3.0,2.0,,8.0,2.0,3.0,,5.0,5.0,2.0,,2.0,2.0,0.0,,8.0,7.0,2.0,,4.0,5.0,0.0,
1126,1997,PHO,,,,,5.0,5.0,2.0,,7.0,6.0,0.0,,5.0,5.0,5.0,,7.0,4.0,3.0,,0.0,5.0,1.0,,4.0,7.0,1.0,,7.0,3.0,0.0,
1127,1997,PIT,,,,,7.0,5.0,2.0,,7.0,4.0,3.0,,7.0,3.0,3.0,,8.0,3.0,2.0,,1.0,2.0,3.0,,6.0,3.0,4.0,,4.0,4.0,1.0,
1128,1997,SJS,,,,,4.0,9.0,0.0,,5.0,8.0,2.0,,5.0,3.0,3.0,,6.0,5.0,2.0,,2.0,4.0,0.0,,7.0,8.0,0.0,,5.0,1.0,3.0,
1129,1997,STL,,,,,10.0,2.0,2.0,,5.0,7.0,1.0,,7.0,6.0,3.0,,6.0,5.0,2.0,,3.0,2.0,0.0,,8.0,4.0,0.0,,6.0,3.0,0.0,
1130,1997,TBL,,,,,2.0,9.0,2.0,,2.0,8.0,2.0,,5.0,6.0,3.0,,0.0,12.0,1.0,,3.0,3.0,1.0,,5.0,8.0,0.0,,0.0,9.0,1.0,
1131,1997,TOR,,,,,3.0,6.0,2.0,,5.0,7.0,1.0,,5.0,6.0,3.0,,4.0,8.0,1.0,,3.0,3.0,1.0,,6.0,8.0,1.0,,4.0,5.0,0.0,
1132,1997,VAN,,,,,3.0,8.0,2.0,,6.0,6.0,1.0,,2.0,9.0,3.0,,3.0,9.0,2.0,,4.0,1.0,1.0,,4.0,6.0,4.0,,3.0,4.0,1.0,
1133,1997,WAS,,,,,7.0,4.0,2.0,,6.0,6.0,2.0,,4.0,5.0,4.0,,9.0,2.0,2.0,,0.0,4.0,1.0,,8.0,7.0,0.0,,6.0,2.0,1.0,
1134,1998,ANA,,,,,3.0,3.0,3.0,,5.0,7.0,1.0,,5.0,3.0,4.0,,4.0,9.0,1.0,,10.0,3.0,0.0,,6.0,4.0,2.0,,2.0,5.0,2.0,
1135,1998,BOS,,,,,4.0,5.0,2.0,,6.0,2.0,3.0,,6.0,6.0,1.0,,4.0,6.0,2.0,,5.0,5.0,2.0,,7.0,4.0,3.0,,7.0,2.0,0.0,
1136,1998,BUF,,,,,4.0,3.0,2.0,,6.0,2.0,2.0,,9.0,3.0,1.0,,5.0,6.0,3.0,,4.0,6.0,4.0,,5.0,5.0,3.0,,4.0,3.0,2.0,
1137,1998,CAL,,,,,2.0,5.0,2.0,,6.0,8.0,0.0,,4.0,8.0,1.0,,4.0,6.0,2.0,,5.0,2.0,5.0,,7.0,5.0,2.0,,2.0,6.0,0.0,
1138,1998,CAR,,,,,4.0,3.0,3.0,,7.0,7.0,0.0,,6.0,4.0,2.0,,6.0,4.0,3.0,,4.0,5.0,4.0,,4.0,5.0,4.0,,3.0,2.0,2.0,
1139,1998,CHI,,,,,4.0,4.0,1.0,,2.0,10.0,2.0,,5.0,6.0,1.0,,3.0,6.0,4.0,,3.0,11.0,0.0,,6.0,3.0,4.0,,6.0,1.0,0.0,
1140,1998,COL,,,,,2.0,6.0,1.0,,6.0,5.0,1.0,,8.0,6.0,1.0,,9.0,2.0,1.0,,5.0,3.0,4.0,,9.0,4.0,2.0,,5.0,2.0,0.0,
1141,1998,DAL,,,,,6.0,1.0,2.0,,6.0,3.0,1.0,,11.0,1.0,3.0,,7.0,4.0,1.0,,8.0,2.0,2.0,,9.0,4.0,3.0,,4.0,4.0,0.0,
1142,1998,DET,,,,,6.0,4.0,0.0,,7.0,4.0,0.0,,4.0,8.0,2.0,,7.0,5.0,1.0,,7.0,4.0,3.0,,7.0,5.0,0.0,,5.0,2.0,1.0,
1143,1998,EDM,,,,,5.0,4.0,0.0,,7.0,5.0,1.0,,3.0,8.0,2.0,,4.0,3.0,4.0,,4.0,8.0,2.0,,5.0,7.0,2.0,,5.0,2.0,1.0,
1144,1998,FLO,,,,,3.0,3.0,3.0,,5.0,5.0,2.0,,5.0,5.0,1.0,,5.0,4.0,6.0,,4.0,5.0,4.0,,5.0,6.0,2.0,,3.0,6.0,0.0,
1145,1998,LAK,,,,,4.0,4.0,2.0,,2.0,10.0,1.0,,6.0,7.0,0.0,,5.0,6.0,1.0,,6.0,6.0,1.0,,5.0,8.0,0.0,,4.0,4.0,0.0,
1146,1998,MTL,,,,,3.0,5.0,2.0,,5.0,7.0,0.0,,3.0,6.0,5.0,,7.0,6.0,1.0,,6.0,5.0,0.0,,5.0,5.0,2.0,,3.0,5.0,1.0,
1147,1998,NAS,,,,,3.0,5.0,1.0,,6.0,7.0,0.0,,4.0,6.0,2.0,,5.0,9.0,1.0,,3.0,6.0,2.0,,5.0,8.0,1.0,,2.0,6.0,0.0,
1148,1998,NJD,,,,,5.0,4.0,0.0,,8.0,3.0,1.0,,8.0,2.0,3.0,,6.0,6.0,1.0,,6.0,5.0,3.0,,7.0,2.0,3.0,,7.0,2.0,0.0,
1149,1998,NYI,,,,,5.0,5.0,0.0,,5.0,8.0,0.0,,3.0,9.0,2.0,,2.0,8.0,2.0,,4.0,5.0,3.0,,2.0,10.0,2.0,,3.0,3.0,1.0,
1150,1998,NYR,,,,,3.0,4.0,3.0,,3.0,5.0,4.0,,7.0,6.0,0.0,,6.0,7.0,0.0,,6.0,6.0,0.0,,6.0,5.0,3.0,,2.0,5.0,1.0,
1151,1998,OTT,,,,,5.0,3.0,0.0,,5.0,4.0,3.0,,6.0,6.0,1.0,,10.0,2.0,2.0,,7.0,3.0,2.0,,9.0,3.0,2.0,,2.0,2.0,5.0,
1152,1998,PHI,,,,,5.0,3.0,2.0,,6.0,4.0,2.0,,7.0,2.0,5.0,,8.0,1.0,2.0,,4.0,7.0,2.0,,3.0,6.0,5.0,,4.0,3.0,1.0,
1153,1998,PHO,,,,,4.0,2.0,1.0,,10.0,0.0,1.0,,7.0,5.0,2.0,,4.0,5.0,5.0,,5.0,8.0,1.0,,7.0,6.0,2.0,,2.0,5.0,0.0,
1154,1998,PIT,,,,,4.0,3.0,2.0,,6.0,3.0,3.0,,5.0,4.0,2.0,,8.0,5.0,0.0,,9.0,5.0,0.0,,4.0,5.0,6.0,,2.0,5.0,1.0,
1155,1998,SJS,,,,,1.0,6.0,2.0,,4.0,5.0,3.0,,5.0,5.0,3.0,,5.0,4.0,4.0,,5.0,7.0,2.0,,7.0,3.0,3.0,,4.0,3.0,1.0,
1156,1998,STL,,,,,4.0,3.0,2.0,,5.0,3.0,3.0,,3.0,5.0,4.0,,6.0,7.0,0.0,,7.0,6.0,1.0,,6.0,7.0,1.0,,6.0,1.0,2.0,
1157,1998,TBL,,,,,4.0,6.0,1.0,,2.0,8.0,1.0,,3.0,10.0,1.0,,2.0,9.0,1.0,,2.0,8.0,1.0,,4.0,9.0,1.0,,2.0,4.0,3.0,
1158,1998,TOR,,,,,5.0,4.0,1.0,,8.0,5.0,1.0,,8.0,4.0,0.0,,7.0,4.0,1.0,,6.0,4.0,2.0,,6.0,7.0,1.0,,5.0,2.0,1.0,
1159,1998,VAN,,,,,4.0,4.0,1.0,,5.0,9.0,0.0,,4.0,6.0,3.0,,3.0,6.0,2.0,,3.0,8.0,3.0,,3.0,9.0,2.0,,1.0,5.0,1.0,
1160,1998,WAS,,,,,3.0,3.0,3.0,,4.0,8.0,0.0,,4.0,8.0,0.0,,5.0,7.0,1.0,,9.0,4.0,1.0,,4.0,8.0,1.0,,2.0,7.0,0.0,
1161,1999,ANA,,,,,6.0,5.0,1.0,1.0,6.0,5.0,1.0,0.0,6.0,6.0,2.0,0.0,4.0,7.0,2.0,0.0,5.0,3.0,4.0,0.0,5.0,5.0,2.0,1.0,2.0,2.0,0.0,1.0
1162,1999,ATL,,,,,2.0,5.0,2.0,1.0,3.0,9.0,0.0,0.0,3.0,7.0,2.0,2.0,3.0,8.0,2.0,1.0,1.0,11.0,0.0,0.0,1.0,13.0,1.0,0.0,1.0,4.0,0.0,0.0
1163,1999,BOS,,,,,4.0,5.0,4.0,0.0,7.0,3.0,2.0,0.0,2.0,6.0,3.0,2.0,4.0,4.0,4.0,2.0,2.0,5.0,4.0,0.0,4.0,7.0,1.0,2.0,1.0,3.0,1.0,0.0
1164,1999,BUF,,,,,3.0,7.0,2.0,0.0,8.0,5.0,0.0,0.0,4.0,4.0,3.0,1.0,5.0,8.0,1.0,0.0,6.0,3.0,3.0,1.0,6.0,5.0,1.0,1.0,3.0,0.0,1.0,1.0
1165,1999,CAL,,,,,3.0,8.0,2.0,0.0,5.0,6.0,0.0,0.0,8.0,2.0,3.0,1.0,7.0,6.0,0.0,0.0,3.0,3.0,2.0,4.0,4.0,8.0,2.0,0.0,1.0,3.0,1.0,0.0
1166,1999,CAR,,,,,5.0,3.0,3.0,0.0,6.0,5.0,3.0,0.0,3.0,8.0,1.0,0.0,6.0,8.0,1.0,0.0,6.0,4.0,1.0,0.0,8.0,6.0,1.0,0.0,3.0,1.0,0.0,0.0
1167,1999,CHI,,,,,2.0,5.0,4.0,0.0,3.0,8.0,0.0,2.0,6.0,6.0,2.0,0.0,7.0,6.0,0.0,0.0,4.0,6.0,1.0,0.0,8.0,5.0,2.0,0.0,3.0,1.0,1.0,0.0
1168,1999,COL,,,,,5.0,5.0,2.0,1.0,6.0,5.0,1.0,0.0,7.0,5.0,1.0,0.0,7.0,4.0,3.0,0.0,3.0,7.0,3.0,0.0,10.0,2.0,1.0,0.0,4.0,0.0,0.0,0.0
1169,1999,DAL,,,,,6.0,5.0,1.0,0.0,5.0,5.0,2.0,1.0,8.0,4.0,2.0,0.0,8.0,3.0,0.0,1.0,7.0,3.0,1.0,1.0,9.0,1.0,2.0,2.0,0.0,2.0,2.0,1.0
1170,1999,DET,,,,,7.0,2.0,1.0,1.0,7.0,4.0,2.0,0.0,11.0,2.0,1.0,0.0,6.0,6.0,2.0,0.0,7.0,5.0,0.0,0.0,9.0,1.0,3.0,1.0,1.0,2.0,1.0,0.0
1171,1999,EDM,,,,,4.0,3.0,2.0,2.0,2.0,5.0,4.0,1.0,6.0,4.0,3.0,2.0,5.0,3.0,4.0,2.0,8.0,2.0,2.0,1.0,4.0,7.0,1.0,0.0,3.0,2.0,0.0,0.0
1172,1999,FLO,,,,,6.0,3.0,1.0,2.0,7.0,3.0,1.0,0.0,7.0,4.0,1.0,1.0,9.0,4.0,1.0,0.0,5.0,6.0,0.0,2.0,7.0,6.0,1.0,0.0,2.0,1.0,1.0,1.0
1173,1999,LAK,,,,,8.0,3.0,2.0,0.0,6.0,3.0,2.0,1.0,3.0,6.0,2.0,1.0,5.0,6.0,1.0,1.0,8.0,4.0,1.0,0.0,6.0,4.0,3.0,1.0,3.0,1.0,1.0,0.0
1174,1999,MTL,,,,,3.0,8.0,1.0,0.0,6.0,5.0,0.0,1.0,3.0,7.0,3.0,0.0,5.0,3.0,3.0,1.0,8.0,4.0,0.0,1.0,8.0,5.0,2.0,0.0,2.0,2.0,0.0,1.0
1175,1999,NAS,,,,,4.0,6.0,1.0,0.0,3.0,7.0,0.0,2.0,6.0,5.0,4.0,0.0,6.0,5.0,1.0,2.0,3.0,7.0,0.0,1.0,6.0,7.0,1.0,2.0,0.0,3.0,0.0,0.0
1176,1999,NJD,,,,,6.0,3.0,1.0,1.0,5.0,3.0,2.0,1.0,10.0,4.0,1.0,0.0,10.0,1.0,1.0,2.0,7.0,3.0,2.0,1.0,5.0,8.0,1.0,0.0,2.0,2.0,0.0,0.0
1177,1999,NYI,,,,,2.0,6.0,1.0,0.0,4.0,6.0,2.0,0.0,3.0,9.0,2.0,0.0,4.0,9.0,1.0,1.0,4.0,8.0,1.0,0.0,5.0,8.0,1.0,0.0,2.0,2.0,1.0,0.0
1178,1999,NYR,,,,,4.0,7.0,2.0,0.0,3.0,5.0,1.0,1.0,5.0,3.0,3.0,2.0,10.0,4.0,1.0,0.0,4.0,7.0,2.0,0.0,3.0,9.0,2.0,0.0,0.0,3.0,1.0,0.0
1179,1999,OTT,,,,,8.0,2.0,1.0,1.0,6.0,6.0,1.0,0.0,5.0,3.0,4.0,0.0,6.0,5.0,2.0,1.0,6.0,4.0,2.0,0.0,7.0,6.0,1.0,0.0,3.0,2.0,0.0,0.0
1180,1999,PHI,,,,,6.0,5.0,1.0,1.0,7.0,2.0,3.0,0.0,8.0,3.0,2.0,0.0,5.0,4.0,3.0,0.0,7.0,3.0,2.0,0.0,7.0,4.0,1.0,2.0,5.0,1.0,0.0,0.0
1181,1999,PHO,,,,,8.0,2.0,3.0,0.0,8.0,4.0,0.0,0.0,5.0,6.0,1.0,0.0,7.0,4.0,2.0,1.0,4.0,6.0,1.0,0.0,5.0,8.0,0.0,2.0,2.0,1.0,1.0,1.0
1182,1999,PIT,,,,,2.0,3.0,3.0,1.0,6.0,5.0,0.0,2.0,8.0,4.0,0.0,2.0,5.0,8.0,1.0,0.0,5.0,3.0,4.0,1.0,8.0,6.0,0.0,0.0,3.0,2.0,0.0,0.0
1183,1999,SJS,,,,,9.0,5.0,1.0,0.0,5.0,4.0,2.0,2.0,5.0,6.0,1.0,1.0,3.0,5.0,2.0,3.0,4.0,4.0,2.0,1.0,6.0,4.0,2.0,0.0,3.0,2.0,0.0,0.0
1184,1999,STL,,,,,7.0,4.0,0.0,0.0,8.0,3.0,2.0,0.0,7.0,4.0,2.0,0.0,9.0,3.0,2.0,0.0,10.0,2.0,0.0,0.0,8.0,2.0,4.0,0.0,2.0,1.0,1.0,1.0
1185,1999,TBL,,,,,3.0,5.0,1.0,1.0,5.0,6.0,1.0,1.0,2.0,6.0,3.0,1.0,2.0,10.0,1.0,1.0,3.0,6.0,1.0,2.0,3.0,10.0,1.0,1.0,1.0,4.0,1.0,0.0
1186,1999,TOR,,,,,9.0,3.0,1.0,0.0,5.0,4.0,2.0,2.0,9.0,2.0,1.0,0.0,6.0,5.0,2.0,1.0,5.0,5.0,1.0,0.0,8.0,6.0,0.0,0.0,3.0,2.0,0.0,0.0
1187,1999,VAN,,,,,7.0,3.0,2.0,1.0,3.0,5.0,4.0,0.0,2.0,6.0,1.0,2.0,3.0,5.0,3.0,3.0,6.0,5.0,2.0,0.0,7.0,4.0,2.0,2.0,2.0,1.0,1.0,0.0
1188,1999,WAS,,,,,2.0,6.0,2.0,0.0,7.0,3.0,2.0,1.0,4.0,6.0,2.0,0.0,11.0,1.0,2.0,0.0,8.0,4.0,2.0,0.0,10.0,2.0,1.0,1.0,2.0,2.0,1.0,0.0
1189,2000,ANA,,,,,6.0,4.0,1.0,2.0,2.0,8.0,3.0,1.0,5.0,7.0,1.0,1.0,2.0,10.0,1.0,0.0,3.0,5.0,2.0,1.0,6.0,5.0,2.0,0.0,1.0,2.0,1.0,0.0
1190,2000,ATL,,,,,1.0,3.0,5.0,0.0,4.0,7.0,1.0,1.0,10.0,5.0,0.0,0.0,1.0,10.0,3.0,1.0,2.0,8.0,1.0,0.0,4.0,9.0,2.0,0.0,1.0,3.0,0.0,0.0
1191,2000,BOS,,,,,4.0,6.0,1.0,1.0,4.0,5.0,2.0,1.0,5.0,5.0,2.0,2.0,9.0,3.0,1.0,1.0,4.0,5.0,0.0,2.0,7.0,5.0,2.0,1.0,3.0,1.0,0.0,0.0
1192,2000,BUF,,,,,5.0,3.0,1.0,1.0,7.0,4.0,1.0,0.0,8.0,5.0,1.0,0.0,5.0,7.0,2.0,0.0,9.0,4.0,0.0,0.0,9.0,5.0,0.0,0.0,3.0,2.0,0.0,0.0
1193,2000,CAL,,,,,3.0,8.0,1.0,0.0,3.0,4.0,4.0,4.0,7.0,3.0,2.0,0.0,4.0,6.0,2.0,0.0,5.0,4.0,2.0,0.0,4.0,9.0,3.0,0.0,1.0,2.0,1.0,0.0
1194,2000,CAR,,,,,3.0,5.0,3.0,0.0,7.0,5.0,0.0,1.0,4.0,6.0,1.0,1.0,8.0,4.0,2.0,0.0,5.0,4.0,2.0,1.0,8.0,7.0,0.0,0.0,3.0,1.0,1.0,0.0
1195,2000,CBS,,,,,3.0,8.0,0.0,1.0,4.0,8.0,1.0,0.0,5.0,6.0,3.0,1.0,5.0,4.0,0.0,2.0,3.0,5.0,3.0,2.0,5.0,6.0,2.0,0.0,3.0,2.0,0.0,0.0
1196,2000,CHI,,,,,3.0,7.0,0.0,1.0,5.0,6.0,2.0,1.0,6.0,6.0,1.0,0.0,7.0,5.0,1.0,0.0,6.0,5.0,1.0,1.0,2.0,8.0,2.0,1.0,0.0,3.0,1.0,1.0
1197,2000,COL,,,,,9.0,1.0,2.0,0.0,8.0,3.0,1.0,0.0,8.0,4.0,2.0,0.0,10.0,0.0,3.0,1.0,5.0,4.0,1.0,1.0,10.0,3.0,0.0,2.0,2.0,1.0,1.0,0.0
1198,2000,DAL,,,,,6.0,4.0,1.0,1.0,7.0,2.0,2.0,0.0,8.0,5.0,1.0,0.0,7.0,7.0,0.0,0.0,7.0,4.0,1.0,1.0,11.0,2.0,2.0,0.0,2.0,0.0,1.0,0.0
1199,2000,DET,,,,,7.0,4.0,0.0,1.0,8.0,4.0,1.0,1.0,7.0,5.0,2.0,1.0,8.0,3.0,1.0,1.0,9.0,0.0,2.0,0.0,7.0,3.0,3.0,0.0,3.0,1.0,0.0,0.0
1200,2000,EDM,,,,,6.0,5.0,2.0,0.0,8.0,5.0,1.0,0.0,4.0,5.0,3.0,1.0,7.0,6.0,2.0,0.0,5.0,3.0,1.0,1.0,8.0,3.0,1.0,1.0,1.0,1.0,2.0,0.0
1201,2000,FLO,,,,,1.0,3.0,3.0,3.0,4.0,6.0,1.0,1.0,2.0,10.0,3.0,1.0,5.0,8.0,1.0,2.0,5.0,5.0,0.0,1.0,3.0,4.0,5.0,1.0,2.0,2.0,0.0,0.0
1202,2000,LAK,,,,,5.0,6.0,2.0,0.0,6.0,2.0,4.0,0.0,6.0,6.0,1.0,1.0,6.0,6.0,0.0,0.0,5.0,6.0,1.0,0.0,8.0,2.0,4.0,1.0,2.0,0.0,1.0,1.0
1203,2000,MIN,,,,,2.0,7.0,3.0,0.0,5.0,7.0,1.0,1.0,5.0,3.0,3.0,1.0,6.0,5.0,1.0,1.0,4.0,7.0,0.0,0.0,2.0,8.0,4.0,2.0,1.0,2.0,1.0,0.0
1204,2000,MTL,,,,,4.0,5.0,2.0,0.0,5.0,10.0,0.0,0.0,1.0,8.0,2.0,2.0,7.0,5.0,1.0,1.0,5.0,6.0,0.0,1.0,5.0,5.0,3.0,1.0,1.0,1.0,0.0,1.0
1205,2000,NAS,,,,,4.0,3.0,3.0,1.0,6.0,6.0,2.0,0.0,4.0,8.0,2.0,0.0,8.0,7.0,0.0,1.0,4.0,5.0,1.0,0.0,7.0,5.0,1.0,1.0,1.0,2.0,0.0,0.0
1206,2000,NJD,,,,,6.0,2.0,2.0,0.0,6.0,6.0,1.0,0.0,8.0,3.0,3.0,0.0,7.0,2.0,3.0,2.0,4.0,4.0,3.0,1.0,13.0,2.0,0.0,0.0,4.0,0.0,0.0,0.0
1207,2000,NYI,,,,,4.0,3.0,2.0,0.0,3.0,9.0,0.0,2.0,4.0,8.0,2.0,0.0,3.0,10.0,1.0,0.0,3.0,8.0,0.0,1.0,3.0,10.0,2.0,0.0,1.0,3.0,0.0,0.0
1208,2000,NYR,,,,,4.0,6.0,0.0,0.0,9.0,6.0,0.0,0.0,3.0,9.0,1.0,1.0,5.0,7.0,2.0,0.0,5.0,4.0,1.0,0.0,5.0,9.0,1.0,0.0,2.0,2.0,0.0,0.0
1209,2000,OTT,,,,,7.0,1.0,3.0,0.0,6.0,6.0,1.0,0.0,6.0,5.0,2.0,0.0,10.0,2.0,1.0,1.0,7.0,3.0,1.0,1.0,10.0,3.0,1.0,1.0,2.0,1.0,0.0,1.0
1210,2000,PHI,,,,,3.0,5.0,3.0,0.0,8.0,5.0,1.0,0.0,6.0,4.0,3.0,0.0,9.0,2.0,2.0,1.0,7.0,3.0,1.0,1.0,8.0,5.0,1.0,0.0,2.0,1.0,0.0,1.0
1211,2000,PHO,,,,,9.0,1.0,2.0,0.0,4.0,6.0,4.0,0.0,3.0,2.0,4.0,1.0,7.0,6.0,2.0,0.0,6.0,6.0,0.0,1.0,5.0,5.0,4.0,1.0,1.0,1.0,1.0,0.0
1212,2000,PIT,,,,,5.0,4.0,1.0,0.0,6.0,4.0,2.0,1.0,6.0,6.0,3.0,0.0,8.0,5.0,0.0,1.0,7.0,3.0,1.0,0.0,8.0,5.0,2.0,0.0,2.0,1.0,0.0,1.0
1213,2000,SJS,,,,,6.0,2.0,1.0,0.0,9.0,3.0,1.0,0.0,7.0,4.0,3.0,0.0,7.0,5.0,3.0,0.0,5.0,5.0,2.0,0.0,3.0,8.0,2.0,2.0,3.0,0.0,0.0,1.0
1214,2000,STL,,,,,9.0,2.0,1.0,0.0,7.0,2.0,2.0,0.0,9.0,1.0,1.0,0.0,9.0,6.0,0.0,2.0,5.0,5.0,3.0,0.0,2.0,5.0,4.0,3.0,2.0,1.0,1.0,0.0
1215,2000,TBL,,,,,2.0,6.0,1.0,1.0,6.0,5.0,1.0,1.0,4.0,7.0,3.0,0.0,2.0,12.0,0.0,1.0,2.0,8.0,1.0,0.0,8.0,6.0,0.0,1.0,0.0,3.0,0.0,1.0
1216,2000,TOR,,,,,6.0,5.0,0.0,0.0,7.0,2.0,3.0,2.0,7.0,5.0,1.0,1.0,5.0,5.0,3.0,1.0,4.0,5.0,3.0,0.0,6.0,6.0,1.0,1.0,2.0,1.0,0.0,0.0
1217,2000,VAN,,,,,6.0,2.0,2.0,1.0,7.0,6.0,1.0,1.0,6.0,3.0,1.0,2.0,8.0,7.0,0.0,0.0,6.0,3.0,1.0,1.0,2.0,4.0,6.0,2.0,1.0,3.0,0.0,0.0
1218,2000,WAS,,,,,2.0,5.0,4.0,1.0,5.0,5.0,2.0,0.0,10.0,3.0,1.0,0.0,6.0,6.0,2.0,0.0,9.0,1.0,1.0,0.0,7.0,5.0,0.0,2.0,2.0,2.0,0.0,1.0
1219,2001,ANA,,,,,4.0,7.0,1.0,0.0,3.0,9.0,2.0,0.0,6.0,5.0,2.0,3.0,6.0,8.0,1.0,0.0,2.0,3.0,0.0,0.0,6.0,7.0,1.0,0.0,2.0,3.0,1.0,0.0
1220,2001,ATL,,,,,3.0,4.0,1.0,2.0,2.0,11.0,1.0,0.0,3.0,8.0,3.0,1.0,5.0,8.0,1.0,1.0,2.0,3.0,1.0,0.0,4.0,10.0,1.0,0.0,0.0,3.0,3.0,1.0
1221,2001,BOS,,,,,5.0,3.0,3.0,2.0,8.0,4.0,0.0,0.0,8.0,4.0,0.0,2.0,8.0,4.0,0.0,3.0,3.0,2.0,2.0,0.0,9.0,5.0,0.0,0.0,2.0,2.0,1.0,2.0
1222,2001,BUF,,,,,5.0,6.0,1.0,1.0,6.0,7.0,1.0,0.0,4.0,7.0,2.0,0.0,7.0,5.0,1.0,0.0,1.0,2.0,2.0,0.0,8.0,7.0,2.0,0.0,4.0,1.0,2.0,0.0
1223,2001,CAL,,,,,8.0,2.0,0.0,2.0,5.0,4.0,4.0,0.0,4.0,7.0,4.0,0.0,5.0,8.0,0.0,0.0,2.0,3.0,1.0,1.0,5.0,7.0,3.0,0.0,3.0,4.0,0.0,0.0
1224,2001,CAR,,,,,6.0,5.0,0.0,2.0,6.0,6.0,4.0,0.0,8.0,2.0,1.0,3.0,3.0,6.0,5.0,0.0,2.0,3.0,1.0,0.0,7.0,2.0,3.0,0.0,3.0,2.0,2.0,0.0
1225,2001,CBS,,,,,1.0,7.0,4.0,0.0,6.0,6.0,1.0,1.0,3.0,9.0,1.0,0.0,4.0,9.0,1.0,0.0,1.0,3.0,1.0,2.0,5.0,8.0,0.0,2.0,2.0,5.0,0.0,0.0
1226,2001,CHI,,,,,7.0,3.0,3.0,0.0,5.0,5.0,4.0,0.0,11.0,4.0,1.0,0.0,7.0,5.0,1.0,0.0,3.0,3.0,0.0,0.0,6.0,3.0,3.0,1.0,2.0,4.0,1.0,0.0
1227,2001,COL,,,,,7.0,6.0,0.0,0.0,6.0,6.0,1.0,0.0,9.0,3.0,3.0,0.0,8.0,3.0,2.0,1.0,4.0,2.0,1.0,0.0,7.0,6.0,0.0,0.0,4.0,2.0,1.0,0.0
1228,2001,DAL,,,,,4.0,4.0,2.0,3.0,5.0,3.0,4.0,0.0,8.0,5.0,0.0,1.0,7.0,6.0,0.0,0.0,3.0,3.0,1.0,0.0,6.0,5.0,4.0,0.0,3.0,2.0,2.0,1.0
1229,2001,DET,,,,,11.0,2.0,0.0,0.0,11.0,1.0,1.0,1.0,6.0,5.0,2.0,1.0,8.0,2.0,3.0,0.0,7.0,1.0,0.0,0.0,8.0,3.0,2.0,0.0,0.0,3.0,2.0,2.0
1230,2001,EDM,,,,,9.0,4.0,1.0,0.0,7.0,3.0,2.0,1.0,5.0,6.0,3.0,1.0,4.0,7.0,3.0,0.0,1.0,4.0,1.0,0.0,9.0,2.0,2.0,1.0,3.0,2.0,0.0,1.0
1231,2001,FLO,,,,,3.0,7.0,2.0,1.0,3.0,7.0,0.0,2.0,6.0,6.0,1.0,0.0,4.0,10.0,1.0,0.0,1.0,5.0,1.0,1.0,4.0,7.0,2.0,1.0,1.0,2.0,3.0,1.0
1232,2001,LAK,,,,,3.0,7.0,1.0,2.0,4.0,5.0,2.0,0.0,7.0,4.0,4.0,0.0,11.0,3.0,0.0,0.0,4.0,1.0,1.0,1.0,7.0,5.0,2.0,1.0,4.0,2.0,1.0,0.0
1233,2001,MIN,,,,,4.0,3.0,3.0,1.0,7.0,6.0,1.0,1.0,2.0,8.0,2.0,1.0,4.0,6.0,3.0,2.0,2.0,4.0,1.0,0.0,6.0,5.0,1.0,2.0,1.0,3.0,1.0,2.0
1234,2001,MTL,,,,,5.0,5.0,1.0,0.0,7.0,3.0,2.0,1.0,4.0,8.0,2.0,1.0,6.0,5.0,3.0,1.0,3.0,3.0,0.0,0.0,6.0,5.0,4.0,0.0,5.0,2.0,0.0,0.0
1235,2001,NAS,,,,,4.0,7.0,2.0,0.0,5.0,6.0,1.0,0.0,5.0,4.0,3.0,0.0,6.0,8.0,3.0,0.0,4.0,1.0,1.0,0.0,2.0,10.0,3.0,0.0,2.0,5.0,0.0,0.0
1236,2001,NJD,,,,,5.0,3.0,0.0,1.0,4.0,7.0,2.0,1.0,7.0,4.0,3.0,0.0,7.0,6.0,2.0,1.0,3.0,2.0,2.0,0.0,9.0,5.0,0.0,1.0,6.0,1.0,0.0,0.0
1237,2001,NYI,,,,,9.0,0.0,1.0,1.0,6.0,5.0,3.0,0.0,4.0,6.0,1.0,1.0,7.0,7.0,0.0,1.0,3.0,1.0,2.0,0.0,7.0,8.0,0.0,1.0,6.0,1.0,1.0,0.0
1238,2001,NYR,,,,,6.0,6.0,1.0,0.0,9.0,3.0,1.0,1.0,7.0,6.0,1.0,1.0,3.0,8.0,1.0,1.0,2.0,4.0,0.0,0.0,5.0,9.0,0.0,1.0,4.0,2.0,0.0,0.0
1239,2001,OTT,,,,,6.0,6.0,1.0,0.0,6.0,2.0,2.0,0.0,8.0,6.0,1.0,1.0,7.0,3.0,2.0,2.0,4.0,1.0,1.0,1.0,6.0,6.0,1.0,3.0,2.0,3.0,1.0,0.0
1240,2001,PHI,,,,,6.0,3.0,3.0,0.0,4.0,4.0,2.0,1.0,11.0,4.0,0.0,0.0,10.0,3.0,1.0,1.0,4.0,1.0,0.0,1.0,5.0,7.0,3.0,0.0,2.0,5.0,1.0,0.0
1241,2001,PHO,,,,,5.0,3.0,2.0,1.0,5.0,6.0,1.0,2.0,7.0,5.0,3.0,0.0,6.0,5.0,1.0,1.0,3.0,3.0,1.0,1.0,10.0,2.0,1.0,1.0,4.0,3.0,0.0,0.0
1242,2001,PIT,,,,,4.0,6.0,1.0,1.0,6.0,4.0,2.0,1.0,4.0,7.0,2.0,0.0,8.0,6.0,0.0,1.0,1.0,4.0,1.0,1.0,5.0,7.0,1.0,1.0,0.0,7.0,1.0,0.0
1243,2001,SJS,,,,,5.0,3.0,3.0,1.0,7.0,4.0,1.0,2.0,6.0,4.0,2.0,0.0,8.0,6.0,1.0,0.0,6.0,0.0,0.0,0.0,7.0,8.0,1.0,0.0,5.0,2.0,0.0,0.0
1244,2001,STL,,,,,5.0,3.0,3.0,0.0,7.0,5.0,0.0,1.0,6.0,3.0,3.0,2.0,11.0,4.0,0.0,0.0,2.0,4.0,1.0,0.0,6.0,6.0,1.0,1.0,6.0,2.0,0.0,0.0
1245,2001,TBL,,,,,4.0,6.0,1.0,0.0,6.0,6.0,0.0,1.0,5.0,6.0,2.0,1.0,4.0,9.0,2.0,0.0,1.0,3.0,1.0,1.0,5.0,5.0,4.0,1.0,2.0,5.0,1.0,0.0
1246,2001,TOR,,,,,7.0,3.0,1.0,1.0,7.0,4.0,1.0,2.0,8.0,5.0,1.0,0.0,6.0,5.0,2.0,1.0,4.0,1.0,0.0,0.0,6.0,6.0,4.0,0.0,5.0,1.0,1.0,0.0
1247,2001,VAN,,,,,4.0,8.0,1.0,0.0,7.0,7.0,2.0,0.0,5.0,7.0,1.0,0.0,10.0,2.0,1.0,1.0,2.0,1.0,1.0,2.0,9.0,5.0,0.0,0.0,5.0,0.0,1.0,0.0
1248,2001,WAS,,,,,5.0,6.0,1.0,0.0,5.0,7.0,2.0,0.0,5.0,4.0,4.0,0.0,5.0,9.0,1.0,1.0,4.0,1.0,1.0,0.0,9.0,5.0,1.0,0.0,3.0,1.0,1.0,1.0
1249,2002,ANA,,,,,3.0,5.0,3.0,0.0,5.0,2.0,3.0,3.0,7.0,7.0,0.0,0.0,7.0,4.0,1.0,1.0,8.0,5.0,1.0,0.0,9.0,3.0,1.0,1.0,1.0,1.0,0.0,1.0
1250,2002,ATL,,,,,0.0,8.0,1.0,1.0,6.0,6.0,0.0,0.0,4.0,7.0,0.0,3.0,7.0,6.0,2.0,0.0,4.0,5.0,2.0,0.0,8.0,6.0,2.0,1.0,2.0,1.0,0.0,0.0
1251,2002,BOS,,,,,6.0,2.0,2.0,0.0,10.0,1.0,1.0,1.0,5.0,8.0,1.0,0.0,5.0,8.0,1.0,0.0,2.0,6.0,3.0,1.0,7.0,5.0,2.0,2.0,1.0,1.0,1.0,0.0
1252,2002,BUF,,,,,3.0,5.0,2.0,0.0,1.0,9.0,2.0,1.0,4.0,8.0,1.0,1.0,7.0,2.0,2.0,2.0,4.0,7.0,1.0,1.0,7.0,5.0,1.0,3.0,1.0,1.0,1.0,0.0
1253,2002,CAL,,,,,3.0,3.0,2.0,2.0,3.0,9.0,1.0,1.0,5.0,6.0,3.0,0.0,6.0,7.0,1.0,0.0,2.0,6.0,3.0,1.0,8.0,5.0,2.0,0.0,2.0,0.0,1.0,0.0
1254,2002,CAR,,,,,5.0,4.0,1.0,1.0,6.0,3.0,3.0,2.0,4.0,8.0,1.0,0.0,2.0,10.0,1.0,2.0,1.0,6.0,3.0,1.0,4.0,9.0,2.0,0.0,0.0,3.0,0.0,0.0
1255,2002,CBS,,,,,3.0,5.0,1.0,0.0,6.0,6.0,1.0,2.0,4.0,8.0,1.0,0.0,7.0,6.0,2.0,0.0,3.0,7.0,1.0,0.0,5.0,8.0,1.0,1.0,1.0,2.0,1.0,0.0
1256,2002,CHI,,,,,5.0,3.0,1.0,0.0,5.0,7.0,2.0,0.0,8.0,3.0,3.0,0.0,4.0,5.0,3.0,3.0,2.0,9.0,1.0,0.0,4.0,6.0,2.0,3.0,2.0,0.0,1.0,0.0
1257,2002,COL,,,,,4.0,1.0,3.0,2.0,4.0,5.0,5.0,1.0,6.0,3.0,1.0,2.0,6.0,5.0,2.0,0.0,10.0,1.0,0.0,2.0,10.0,3.0,2.0,1.0,2.0,1.0,0.0,0.0
1258,2002,DAL,,,,,6.0,2.0,2.0,1.0,9.0,4.0,3.0,0.0,5.0,4.0,4.0,0.0,10.0,1.0,2.0,0.0,5.0,2.0,4.0,1.0,9.0,4.0,0.0,2.0,2.0,0.0,0.0,0.0
1259,2002,DET,,,,,6.0,3.0,1.0,0.0,6.0,4.0,2.0,1.0,10.0,1.0,4.0,0.0,5.0,7.0,1.0,1.0,7.0,2.0,1.0,1.0,13.0,3.0,0.0,0.0,1.0,0.0,1.0,1.0
1260,2002,EDM,,,,,2.0,4.0,2.0,1.0,9.0,4.0,2.0,0.0,6.0,5.0,0.0,3.0,7.0,3.0,2.0,2.0,2.0,7.0,1.0,2.0,10.0,2.0,3.0,1.0,0.0,1.0,1.0,0.0
1261,2002,FLO,,,,,4.0,5.0,1.0,1.0,3.0,3.0,5.0,3.0,3.0,3.0,3.0,3.0,5.0,8.0,1.0,1.0,4.0,5.0,2.0,1.0,4.0,10.0,1.0,0.0,1.0,2.0,0.0,0.0
1262,2002,LAK,,,,,5.0,2.0,2.0,1.0,5.0,5.0,2.0,2.0,6.0,7.0,0.0,0.0,4.0,10.0,0.0,1.0,7.0,5.0,0.0,0.0,4.0,8.0,2.0,1.0,2.0,0.0,0.0,1.0
1263,2002,MIN,,,,,8.0,1.0,2.0,0.0,5.0,6.0,3.0,0.0,7.0,4.0,2.0,1.0,5.0,7.0,1.0,0.0,7.0,4.0,0.0,0.0,9.0,5.0,2.0,0.0,1.0,2.0,0.0,0.0
1264,2002,MTL,,,,,3.0,3.0,3.0,0.0,7.0,6.0,1.0,1.0,6.0,5.0,1.0,2.0,5.0,6.0,2.0,2.0,3.0,7.0,0.0,2.0,5.0,7.0,1.0,2.0,1.0,1.0,0.0,0.0
1265,2002,NAS,,,,,1.0,5.0,1.0,2.0,3.0,6.0,3.0,2.0,6.0,6.0,2.0,0.0,7.0,6.0,2.0,0.0,8.0,2.0,1.0,0.0,2.0,8.0,4.0,2.0,0.0,2.0,0.0,1.0
1266,2002,NJD,,,,,6.0,2.0,0.0,0.0,7.0,4.0,1.0,1.0,7.0,4.0,1.0,2.0,11.0,2.0,1.0,1.0,6.0,4.0,3.0,0.0,8.0,4.0,2.0,1.0,1.0,0.0,2.0,1.0
1267,2002,NYI,,,,,3.0,6.0,1.0,0.0,5.0,7.0,2.0,0.0,8.0,3.0,2.0,0.0,8.0,4.0,0.0,2.0,5.0,4.0,3.0,0.0,5.0,8.0,2.0,0.0,1.0,2.0,1.0,0.0
1268,2002,NYR,,,,,4.0,6.0,2.0,0.0,6.0,6.0,2.0,0.0,5.0,8.0,1.0,1.0,6.0,6.0,1.0,1.0,5.0,5.0,2.0,0.0,6.0,3.0,1.0,2.0,0.0,2.0,1.0,0.0
1269,2002,OTT,,,,,3.0,4.0,1.0,0.0,10.0,2.0,2.0,0.0,10.0,3.0,2.0,0.0,9.0,5.0,1.0,1.0,8.0,3.0,1.0,0.0,9.0,4.0,1.0,0.0,3.0,0.0,0.0,0.0
1270,2002,PHI,,,,,7.0,1.0,2.0,0.0,4.0,5.0,4.0,0.0,6.0,4.0,2.0,1.0,10.0,4.0,0.0,1.0,6.0,3.0,3.0,0.0,9.0,3.0,2.0,2.0,3.0,0.0,0.0,0.0
1271,2002,PHO,,,,,4.0,7.0,0.0,1.0,4.0,5.0,4.0,0.0,5.0,4.0,2.0,2.0,6.0,5.0,1.0,1.0,6.0,5.0,1.0,0.0,5.0,9.0,1.0,1.0,1.0,0.0,2.0,0.0
1272,2002,PIT,,,,,6.0,2.0,2.0,0.0,5.0,4.0,1.0,3.0,4.0,9.0,0.0,2.0,6.0,7.0,1.0,0.0,4.0,8.0,0.0,0.0,1.0,13.0,2.0,0.0,1.0,1.0,0.0,0.0
1273,2002,SJS,,,,,3.0,6.0,0.0,1.0,5.0,6.0,2.0,1.0,7.0,3.0,2.0,1.0,4.0,6.0,2.0,2.0,5.0,7.0,0.0,0.0,4.0,9.0,0.0,3.0,0.0,0.0,3.0,0.0
1274,2002,STL,,,,,6.0,1.0,1.0,0.0,7.0,6.0,1.0,1.0,7.0,4.0,3.0,1.0,8.0,4.0,1.0,2.0,4.0,3.0,2.0,2.0,9.0,4.0,2.0,0.0,0.0,2.0,1.0,0.0
1275,2002,TBL,,,,,7.0,1.0,2.0,0.0,5.0,6.0,1.0,1.0,5.0,6.0,2.0,2.0,5.0,6.0,2.0,1.0,5.0,3.0,3.0,1.0,8.0,1.0,6.0,0.0,1.0,2.0,0.0,0.0
1276,2002,TOR,,,,,3.0,6.0,2.0,0.0,8.0,5.0,0.0,0.0,8.0,3.0,2.0,1.0,8.0,6.0,0.0,0.0,9.0,3.0,0.0,0.0,6.0,4.0,3.0,2.0,2.0,1.0,0.0,0.0
1277,2002,VAN,,,,,3.0,4.0,4.0,0.0,12.0,1.0,0.0,0.0,7.0,6.0,1.0,0.0,7.0,5.0,2.0,0.0,9.0,1.0,2.0,0.0,7.0,5.0,3.0,1.0,0.0,1.0,1.0,0.0
1278,2002,WAS,,,,,4.0,5.0,1.0,0.0,6.0,7.0,1.0,0.0,8.0,4.0,1.0,1.0,6.0,3.0,4.0,2.0,6.0,6.0,0.0,0.0,7.0,3.0,1.0,3.0,2.0,1.0,0.0,0.0
1279,2003,ANA,,,,,4.0,5.0,1.0,1.0,4.0,2.0,3.0,4.0,5.0,8.0,0.0,0.0,3.0,7.0,4.0,1.0,7.0,4.0,1.0,2.0,5.0,9.0,1.0,0.0,1.0,0.0,0.0,0.0
1280,2003,ATL,,,,,5.0,3.0,2.0,1.0,7.0,6.0,1.0,0.0,7.0,7.0,0.0,1.0,2.0,9.0,3.0,0.0,5.0,7.0,0.0,0.0,6.0,4.0,2.0,2.0,1.0,1.0,0.0,0.0
1281,2003,BOS,,,,,6.0,2.0,2.0,1.0,5.0,2.0,2.0,3.0,3.0,7.0,5.0,0.0,10.0,3.0,2.0,0.0,7.0,1.0,2.0,3.0,9.0,3.0,1.0,0.0,1.0,1.0,1.0,0.0
1282,2003,BUF,,,,,6.0,5.0,0.0,0.0,5.0,6.0,2.0,1.0,4.0,8.0,1.0,0.0,8.0,6.0,2.0,0.0,5.0,5.0,1.0,0.0,9.0,2.0,1.0,3.0,0.0,2.0,0.0,0.0
1283,2003,CAL,,,,,4.0,4.0,0.0,1.0,5.0,4.0,1.0,2.0,10.0,3.0,2.0,0.0,6.0,8.0,1.0,0.0,7.0,5.0,1.0,0.0,9.0,5.0,2.0,0.0,1.0,1.0,0.0,0.0
1284,2003,CAR,,,,,2.0,3.0,4.0,0.0,5.0,7.0,3.0,0.0,5.0,5.0,1.0,2.0,5.0,9.0,2.0,0.0,3.0,3.0,3.0,2.0,8.0,6.0,0.0,2.0,0.0,1.0,1.0,0.0
1285,2003,CBS,,,,,3.0,6.0,0.0,1.0,4.0,6.0,3.0,0.0,2.0,9.0,1.0,2.0,6.0,6.0,3.0,0.0,4.0,7.0,1.0,1.0,5.0,10.0,0.0,0.0,1.0,1.0,0.0,0.0
1286,2003,CHI,,,,,3.0,5.0,3.0,0.0,3.0,7.0,1.0,3.0,3.0,7.0,3.0,1.0,4.0,9.0,0.0,1.0,5.0,5.0,1.0,0.0,2.0,8.0,3.0,2.0,0.0,2.0,0.0,1.0
1287,2003,COL,,,,,5.0,4.0,0.0,0.0,9.0,3.0,2.0,1.0,4.0,3.0,5.0,0.0,11.0,1.0,2.0,2.0,4.0,4.0,2.0,2.0,6.0,7.0,2.0,1.0,1.0,0.0,0.0,1.0
1288,2003,DAL,,,,,6.0,4.0,0.0,0.0,5.0,7.0,3.0,0.0,6.0,5.0,3.0,0.0,9.0,4.0,3.0,0.0,6.0,2.0,2.0,0.0,8.0,3.0,2.0,2.0,1.0,1.0,0.0,0.0
1289,2003,DET,,,,,5.0,5.0,0.0,0.0,9.0,4.0,2.0,0.0,9.0,3.0,2.0,1.0,6.0,3.0,4.0,1.0,8.0,2.0,1.0,0.0,10.0,3.0,2.0,0.0,1.0,1.0,0.0,0.0
1290,2003,EDM,,,,,4.0,5.0,0.0,0.0,6.0,6.0,3.0,0.0,3.0,6.0,4.0,0.0,7.0,7.0,1.0,1.0,6.0,3.0,2.0,1.0,10.0,1.0,2.0,3.0,0.0,1.0,0.0,0.0
1291,2003,FLO,,,,,4.0,5.0,2.0,0.0,5.0,8.0,2.0,0.0,3.0,3.0,5.0,2.0,5.0,6.0,2.0,1.0,6.0,4.0,3.0,0.0,5.0,8.0,0.0,1.0,0.0,1.0,1.0,0.0
1292,2003,LAK,,,,,4.0,5.0,0.0,0.0,8.0,4.0,1.0,1.0,4.0,4.0,4.0,3.0,5.0,2.0,7.0,1.0,4.0,3.0,3.0,2.0,3.0,10.0,1.0,1.0,0.0,1.0,0.0,1.0
1293,2003,MIN,,,,,4.0,6.0,1.0,0.0,4.0,6.0,3.0,0.0,6.0,2.0,6.0,0.0,3.0,6.0,5.0,2.0,4.0,5.0,2.0,0.0,7.0,4.0,3.0,1.0,2.0,0.0,0.0,0.0
1294,2003,MTL,,,,,6.0,5.0,0.0,0.0,4.0,6.0,2.0,1.0,7.0,4.0,3.0,1.0,8.0,5.0,1.0,0.0,8.0,5.0,0.0,0.0,7.0,4.0,1.0,2.0,1.0,1.0,0.0,0.0
1295,2003,NAS,,,,,4.0,5.0,0.0,0.0,8.0,5.0,1.0,0.0,4.0,4.0,3.0,2.0,10.0,4.0,2.0,0.0,6.0,5.0,1.0,0.0,4.0,5.0,4.0,2.0,2.0,1.0,0.0,0.0
1296,2003,NJD,,,,,4.0,3.0,2.0,0.0,8.0,1.0,4.0,0.0,7.0,3.0,2.0,1.0,8.0,6.0,2.0,0.0,6.0,6.0,1.0,0.0,9.0,5.0,1.0,1.0,1.0,1.0,0.0,0.0
1297,2003,NYI,,,,,4.0,3.0,2.0,0.0,5.0,8.0,0.0,0.0,10.0,4.0,0.0,1.0,6.0,5.0,3.0,1.0,5.0,3.0,4.0,1.0,7.0,6.0,1.0,1.0,1.0,0.0,1.0,0.0
1298,2003,NYR,,,,,3.0,3.0,2.0,0.0,6.0,5.0,3.0,2.0,6.0,5.0,0.0,1.0,4.0,10.0,2.0,1.0,4.0,7.0,0.0,1.0,3.0,10.0,0.0,3.0,1.0,0.0,0.0,0.0
1299,2003,OTT,,,,,5.0,2.0,0.0,1.0,4.0,6.0,2.0,2.0,9.0,2.0,3.0,0.0,10.0,4.0,2.0,0.0,7.0,2.0,2.0,2.0,7.0,6.0,1.0,1.0,1.0,1.0,0.0,0.0
1300,2003,PHI,,,,,4.0,2.0,3.0,1.0,10.0,0.0,2.0,0.0,5.0,4.0,4.0,3.0,7.0,5.0,2.0,1.0,7.0,5.0,1.0,1.0,6.0,4.0,2.0,0.0,1.0,1.0,1.0,0.0
1301,2003,PHO,,,,,3.0,4.0,3.0,0.0,4.0,5.0,3.0,1.0,5.0,3.0,5.0,1.0,6.0,6.0,2.0,0.0,2.0,8.0,2.0,2.0,1.0,10.0,3.0,2.0,1.0,0.0,0.0,0.0
1302,2003,PIT,,,,,2.0,4.0,3.0,0.0,3.0,8.0,1.0,1.0,4.0,8.0,1.0,2.0,2.0,14.0,0.0,0.0,2.0,9.0,0.0,1.0,8.0,4.0,3.0,0.0,2.0,0.0,0.0,0.0
1303,2003,SJS,,,,,1.0,5.0,4.0,0.0,7.0,1.0,4.0,2.0,7.0,3.0,3.0,1.0,9.0,4.0,0.0,2.0,8.0,3.0,0.0,1.0,10.0,4.0,1.0,0.0,1.0,1.0,0.0,0.0
1304,2003,STL,,,,,6.0,2.0,0.0,1.0,7.0,4.0,1.0,0.0,8.0,3.0,3.0,0.0,4.0,9.0,3.0,0.0,4.0,7.0,1.0,1.0,9.0,3.0,3.0,0.0,1.0,2.0,0.0,0.0
1305,2003,TBL,,,,,6.0,0.0,1.0,0.0,5.0,4.0,3.0,1.0,4.0,9.0,2.0,0.0,11.0,3.0,0.0,2.0,9.0,1.0,1.0,2.0,10.0,4.0,1.0,1.0,1.0,1.0,0.0,0.0
1306,2003,TOR,,,,,4.0,3.0,2.0,1.0,8.0,3.0,3.0,1.0,9.0,1.0,2.0,1.0,8.0,6.0,1.0,0.0,6.0,6.0,1.0,0.0,8.0,5.0,1.0,0.0,2.0,0.0,0.0,0.0
1307,2003,VAN,,,,,7.0,2.0,2.0,0.0,7.0,4.0,1.0,2.0,7.0,3.0,3.0,0.0,9.0,5.0,1.0,0.0,5.0,5.0,0.0,2.0,6.0,5.0,3.0,1.0,2.0,0.0,0.0,0.0
1308,2003,WAS,,,,,2.0,7.0,1.0,0.0,5.0,8.0,0.0,1.0,4.0,8.0,2.0,0.0,5.0,7.0,2.0,1.0,4.0,5.0,3.0,0.0,3.0,10.0,1.0,0.0,0.0,1.0,1.0,1.0
1309,2005,ANA,,,,,6.0,5.0,,1.0,5.0,6.0,,3.0,6.0,4.0,,2.0,7.0,2.0,,4.0,3.0,2.0,,1.0,11.0,4.0,,1.0,5.0,4.0,,0.0
1310,2005,ATL,,,,,3.0,8.0,,0.0,7.0,4.0,,3.0,6.0,5.0,,3.0,7.0,7.0,,0.0,3.0,2.0,,0.0,9.0,5.0,,0.0,6.0,2.0,,2.0
1311,2005,BOS,,,,,5.0,5.0,,3.0,3.0,8.0,,2.0,6.0,5.0,,1.0,8.0,4.0,,2.0,2.0,2.0,,2.0,4.0,9.0,,3.0,1.0,4.0,,3.0
1312,2005,BUF,,,,,7.0,4.0,,0.0,8.0,5.0,,1.0,11.0,2.0,,1.0,6.0,4.0,,1.0,4.0,0.0,,2.0,9.0,7.0,,1.0,7.0,2.0,,0.0
1313,2005,CAL,,,,,4.0,7.0,,2.0,10.0,2.0,,1.0,9.0,3.0,,1.0,7.0,4.0,,2.0,3.0,2.0,,1.0,8.0,6.0,,1.0,5.0,1.0,,3.0
1314,2005,CAR,,,,,8.0,2.0,,1.0,8.0,5.0,,0.0,8.0,3.0,,3.0,13.0,1.0,,0.0,2.0,3.0,,0.0,9.0,5.0,,2.0,4.0,3.0,,2.0
1315,2005,CBS,,,,,4.0,8.0,,0.0,3.0,10.0,,0.0,5.0,8.0,,1.0,8.0,4.0,,1.0,3.0,3.0,,0.0,7.0,7.0,,1.0,5.0,3.0,,1.0
1316,2005,CHI,,,,,3.0,8.0,,0.0,7.0,6.0,,0.0,3.0,6.0,,4.0,4.0,8.0,,2.0,1.0,3.0,,2.0,5.0,7.0,,3.0,3.0,5.0,,2.0
1317,2005,COL,,,,,6.0,4.0,,1.0,8.0,5.0,,2.0,6.0,8.0,,0.0,9.0,2.0,,2.0,4.0,2.0,,1.0,7.0,5.0,,2.0,3.0,4.0,,1.0
1318,2005,DAL,,,,,6.0,4.0,,1.0,10.0,3.0,,0.0,8.0,5.0,,0.0,11.0,3.0,,1.0,3.0,2.0,,1.0,11.0,3.0,,1.0,4.0,3.0,,2.0
1319,2005,DET,,,,,11.0,1.0,,0.0,7.0,5.0,,2.0,8.0,3.0,,1.0,8.0,4.0,,2.0,5.0,1.0,,0.0,11.0,1.0,,3.0,8.0,1.0,,0.0
1320,2005,EDM,,,,,5.0,6.0,,1.0,9.0,5.0,,0.0,8.0,3.0,,3.0,6.0,4.0,,2.0,2.0,2.0,,2.0,7.0,5.0,,4.0,4.0,3.0,,1.0
1321,2005,FLO,,,,,6.0,5.0,,1.0,1.0,9.0,,3.0,8.0,6.0,,1.0,5.0,5.0,,3.0,3.0,2.0,,0.0,10.0,4.0,,1.0,4.0,3.0,,2.0
1322,2005,LAK,,,,,8.0,4.0,,0.0,8.0,5.0,,1.0,9.0,5.0,,1.0,5.0,7.0,,2.0,2.0,2.0,,1.0,6.0,8.0,,0.0,4.0,4.0,,0.0
1323,2005,MIN,,,,,6.0,4.0,,2.0,4.0,6.0,,1.0,8.0,7.0,,1.0,7.0,7.0,,0.0,4.0,2.0,,1.0,5.0,7.0,,2.0,4.0,3.0,,1.0
1324,2005,MTL,,,,,8.0,3.0,,1.0,6.0,4.0,,3.0,4.0,6.0,,2.0,5.0,8.0,,0.0,4.0,1.0,,2.0,10.0,5.0,,1.0,5.0,4.0,,0.0
1325,2005,NAS,,,,,8.0,1.0,,1.0,7.0,3.0,,2.0,9.0,5.0,,0.0,7.0,5.0,,3.0,3.0,4.0,,0.0,8.0,5.0,,2.0,7.0,2.0,,0.0
1326,2005,NJD,,,,,6.0,5.0,,0.0,6.0,5.0,,2.0,4.0,8.0,,3.0,10.0,2.0,,1.0,4.0,2.0,,0.0,7.0,5.0,,3.0,9.0,0.0,,0.0
1327,2005,NYI,,,,,5.0,6.0,,0.0,7.0,6.0,,1.0,5.0,6.0,,1.0,6.0,7.0,,1.0,2.0,3.0,,1.0,8.0,7.0,,1.0,3.0,5.0,,1.0
1328,2005,NYR,,,,,6.0,4.0,,3.0,10.0,3.0,,0.0,6.0,5.0,,2.0,7.0,3.0,,3.0,6.0,0.0,,0.0,6.0,6.0,,4.0,3.0,5.0,,0.0
1329,2005,OTT,,,,,8.0,2.0,,0.0,11.0,1.0,,0.0,8.0,3.0,,3.0,7.0,5.0,,1.0,3.0,3.0,,1.0,12.0,2.0,,2.0,3.0,5.0,,2.0
1330,2005,PHI,,,,,6.0,3.0,,1.0,9.0,3.0,,2.0,9.0,2.0,,3.0,7.0,5.0,,2.0,2.0,3.0,,1.0,7.0,6.0,,1.0,5.0,4.0,,1.0
1331,2005,PHO,,,,,5.0,8.0,,1.0,8.0,4.0,,1.0,7.0,6.0,,0.0,6.0,7.0,,1.0,1.0,3.0,,1.0,8.0,6.0,,0.0,3.0,5.0,,1.0
1332,2005,PIT,,,,,1.0,5.0,,5.0,6.0,7.0,,1.0,3.0,7.0,,2.0,2.0,11.0,,2.0,2.0,4.0,,1.0,5.0,8.0,,1.0,3.0,4.0,,2.0
1333,2005,SJS,,,,,6.0,5.0,,1.0,2.0,7.0,,3.0,8.0,4.0,,1.0,7.0,3.0,,2.0,5.0,2.0,,1.0,8.0,5.0,,2.0,8.0,1.0,,1.0
1334,2005,STL,,,,,2.0,7.0,,2.0,2.0,8.0,,1.0,5.0,7.0,,2.0,3.0,8.0,,3.0,4.0,1.0,,1.0,4.0,8.0,,4.0,1.0,7.0,,2.0
1335,2005,TBL,,,,,7.0,3.0,,2.0,7.0,7.0,,1.0,5.0,7.0,,0.0,9.0,4.0,,1.0,4.0,2.0,,0.0,7.0,6.0,,1.0,4.0,4.0,,1.0
1336,2005,TOR,,,,,6.0,4.0,,2.0,8.0,5.0,,1.0,8.0,5.0,,0.0,3.0,8.0,,2.0,2.0,4.0,,0.0,7.0,6.0,,1.0,7.0,1.0,,2.0
1337,2005,VAN,,,,,8.0,2.0,,2.0,8.0,6.0,,0.0,5.0,4.0,,3.0,9.0,6.0,,0.0,4.0,3.0,,0.0,6.0,7.0,,2.0,2.0,4.0,,1.0
1338,2005,WAS,,,,,4.0,7.0,,0.0,4.0,7.0,,2.0,5.0,6.0,,1.0,5.0,8.0,,2.0,2.0,4.0,,0.0,4.0,6.0,,5.0,5.0,3.0,,2.0
1339,2006,AND,,,,,9.0,0.0,,3.0,10.0,2.0,,3.0,9.0,5.0,,0.0,4.0,5.0,,2.0,5.0,5.0,,2.0,10.0,3.0,,2.0,1.0,0.0,,2.0
1340,2006,ATL,,,,,8.0,2.0,,3.0,8.0,5.0,,1.0,7.0,4.0,,2.0,6.0,5.0,,2.0,3.0,7.0,,2.0,9.0,4.0,,1.0,2.0,1.0,,0.0
1341,2006,BOS,,,,,3.0,5.0,,1.0,9.0,4.0,,1.0,7.0,5.0,,1.0,3.0,9.0,,1.0,8.0,5.0,,0.0,5.0,9.0,,2.0,0.0,4.0,,0.0
1342,2006,BUF,,,,,10.0,0.0,,1.0,9.0,3.0,,1.0,9.0,4.0,,1.0,6.0,7.0,,1.0,8.0,2.0,,1.0,8.0,5.0,,2.0,3.0,1.0,,0.0
1343,2006,CAL,,,,,3.0,6.0,,1.0,8.0,4.0,,1.0,8.0,4.0,,2.0,8.0,3.0,,2.0,7.0,4.0,,3.0,9.0,4.0,,1.0,0.0,4.0,,0.0
1344,2006,CAR,,,,,5.0,5.0,,2.0,9.0,5.0,,1.0,7.0,6.0,,1.0,5.0,5.0,,2.0,6.0,6.0,,1.0,6.0,5.0,,1.0,2.0,2.0,,0.0
1345,2006,CBS,,,,,3.0,5.0,,1.0,3.0,10.0,,1.0,9.0,5.0,,2.0,6.0,6.0,,1.0,3.0,7.0,,2.0,8.0,6.0,,0.0,1.0,3.0,,0.0
1346,2006,CHI,,,,,4.0,8.0,,0.0,4.0,4.0,,2.0,8.0,5.0,,3.0,2.0,8.0,,2.0,5.0,6.0,,2.0,5.0,9.0,,0.0,3.0,2.0,,0.0
1347,2006,COL,,,,,5.0,4.0,,2.0,7.0,7.0,,0.0,6.0,7.0,,0.0,7.0,3.0,,2.0,5.0,8.0,,1.0,11.0,1.0,,2.0,3.0,1.0,,0.0
1348,2006,DAL,,,,,9.0,2.0,,0.0,7.0,7.0,,0.0,9.0,6.0,,0.0,5.0,4.0,,2.0,8.0,2.0,,1.0,10.0,3.0,,3.0,2.0,1.0,,1.0
1349,2006,DET,,,,,6.0,4.0,,1.0,7.0,2.0,,3.0,11.0,3.0,,1.0,8.0,5.0,,1.0,8.0,2.0,,2.0,7.0,3.0,,4.0,3.0,0.0,,1.0
1350,2006,EDM,,,,,7.0,4.0,,0.0,6.0,5.0,,2.0,5.0,9.0,,0.0,7.0,4.0,,2.0,5.0,6.0,,2.0,1.0,12.0,,1.0,1.0,3.0,,0.0
1351,2006,FLO,,,,,5.0,7.0,,2.0,3.0,7.0,,3.0,7.0,5.0,,2.0,4.0,4.0,,3.0,6.0,3.0,,3.0,9.0,4.0,,1.0,1.0,1.0,,2.0
1352,2006,LAK,,,,,4.0,8.0,,2.0,5.0,6.0,,2.0,5.0,8.0,,1.0,3.0,8.0,,1.0,4.0,2.0,,4.0,5.0,6.0,,4.0,1.0,3.0,,0.0
1353,2006,MIN,,,,,9.0,2.0,,0.0,4.0,8.0,,1.0,7.0,7.0,,1.0,7.0,4.0,,2.0,8.0,2.0,,2.0,10.0,3.0,,2.0,3.0,0.0,,0.0
1354,2006,MTL,,,,,6.0,2.0,,3.0,8.0,5.0,,0.0,8.0,4.0,,2.0,6.0,7.0,,0.0,5.0,9.0,,1.0,8.0,5.0,,0.0,1.0,2.0,,0.0
1355,2006,NAS,,,,,7.0,3.0,,1.0,10.0,2.0,,1.0,9.0,5.0,,1.0,10.0,3.0,,0.0,7.0,5.0,,1.0,6.0,5.0,,3.0,2.0,0.0,,1.0
1356,2006,NJD,,,,,6.0,4.0,,1.0,6.0,5.0,,1.0,10.0,4.0,,1.0,8.0,2.0,,3.0,10.0,3.0,,0.0,6.0,6.0,,2.0,3.0,0.0,,1.0
1357,2006,NYI,,,,,5.0,4.0,,2.0,7.0,5.0,,1.0,7.0,6.0,,0.0,4.0,6.0,,3.0,9.0,2.0,,2.0,4.0,7.0,,4.0,4.0,0.0,,0.0
1358,2006,NYR,,,,,5.0,6.0,,0.0,8.0,3.0,,3.0,6.0,8.0,,1.0,6.0,5.0,,0.0,5.0,5.0,,2.0,10.0,2.0,,3.0,2.0,1.0,,1.0
1359,2006,OTT,,,,,5.0,6.0,,0.0,8.0,6.0,,1.0,8.0,6.0,,0.0,9.0,3.0,,1.0,8.0,1.0,,2.0,9.0,2.0,,4.0,1.0,1.0,,1.0
1360,2006,PHI,,,,,3.0,7.0,,1.0,5.0,8.0,,2.0,2.0,9.0,,1.0,2.0,8.0,,2.0,4.0,5.0,,4.0,5.0,9.0,,1.0,1.0,2.0,,1.0
1361,2006,PHO,,,,,3.0,9.0,,0.0,6.0,6.0,,0.0,6.0,5.0,,2.0,8.0,6.0,,0.0,4.0,7.0,,1.0,2.0,11.0,,2.0,2.0,2.0,,0.0
1362,2006,PIT,,,,,6.0,3.0,,0.0,5.0,5.0,,4.0,5.0,7.0,,2.0,8.0,2.0,,2.0,9.0,3.0,,1.0,12.0,3.0,,2.0,2.0,1.0,,0.0
1363,2006,SJS,,,,,9.0,4.0,,0.0,10.0,3.0,,0.0,7.0,7.0,,0.0,7.0,3.0,,1.0,5.0,7.0,,1.0,10.0,2.0,,2.0,3.0,0.0,,1.0
1364,2006,STL,,,,,3.0,4.0,,3.0,4.0,10.0,,0.0,5.0,5.0,,4.0,8.0,4.0,,1.0,7.0,4.0,,1.0,5.0,6.0,,4.0,2.0,2.0,,0.0
1365,2006,TBL,,,,,5.0,6.0,,0.0,8.0,5.0,,2.0,5.0,8.0,,0.0,9.0,4.0,,0.0,9.0,2.0,,2.0,7.0,7.0,,0.0,1.0,1.0,,1.0
1366,2006,TOR,,,,,6.0,4.0,,3.0,7.0,6.0,,1.0,4.0,7.0,,2.0,8.0,4.0,,0.0,5.0,4.0,,3.0,8.0,4.0,,2.0,2.0,2.0,,0.0
1367,2006,VAN,,,,,7.0,5.0,,1.0,5.0,8.0,,0.0,8.0,5.0,,0.0,8.0,1.0,,3.0,8.0,3.0,,1.0,11.0,2.0,,2.0,2.0,2.0,,0.0
1368,2006,WAS,,,,,4.0,3.0,,4.0,6.0,6.0,,2.0,6.0,7.0,,1.0,5.0,7.0,,0.0,3.0,6.0,,4.0,2.0,10.0,,3.0,2.0,1.0,,0.0
1369,2007,AND,1.0,1.0,,0.0,3.0,6.0,,2.0,8.0,4.0,,2.0,7.0,6.0,,1.0,8.0,4.0,,1.0,10.0,2.0,,1.0,8.0,4.0,,1.0,2.0,0.0,,0.0
1370,2007,ATL,,,,,4.0,8.0,,0.0,7.0,5.0,,0.0,8.0,7.0,,1.0,5.0,5.0,,3.0,5.0,6.0,,1.0,4.0,8.0,,3.0,1.0,1.0,,0.0
1371,2007,BOS,,,,,6.0,4.0,,0.0,7.0,4.0,,2.0,6.0,8.0,,2.0,8.0,3.0,,1.0,7.0,4.0,,1.0,6.0,5.0,,5.0,1.0,1.0,,1.0
1372,2007,BUF,,,,,5.0,5.0,,0.0,6.0,6.0,,1.0,8.0,5.0,,1.0,4.0,5.0,,4.0,8.0,4.0,,3.0,6.0,5.0,,3.0,2.0,1.0,,0.0
1373,2007,CAL,,,,,6.0,3.0,,3.0,4.0,10.0,,0.0,9.0,1.0,,4.0,7.0,3.0,,1.0,7.0,6.0,,1.0,7.0,6.0,,1.0,2.0,1.0,,0.0
1374,2007,CAR,,,,,7.0,3.0,,3.0,7.0,6.0,,0.0,6.0,9.0,,0.0,6.0,6.0,,1.0,7.0,5.0,,1.0,9.0,2.0,,1.0,1.0,2.0,,0.0
1375,2007,CBS,,,,,7.0,3.0,,1.0,4.0,7.0,,3.0,7.0,5.0,,2.0,7.0,7.0,,0.0,5.0,5.0,,3.0,4.0,6.0,,3.0,0.0,3.0,,0.0
1376,2007,CHI,,,,,6.0,6.0,,0.0,8.0,3.0,,2.0,5.0,6.0,,1.0,4.0,9.0,,1.0,7.0,4.0,,2.0,8.0,5.0,,2.0,2.0,1.0,,0.0
1377,2007,COL,,,,,7.0,4.0,,0.0,6.0,6.0,,1.0,8.0,5.0,,2.0,6.0,5.0,,1.0,6.0,6.0,,2.0,9.0,5.0,,1.0,2.0,0.0,,0.0
1378,2007,DAL,,,,,5.0,5.0,,2.0,8.0,4.0,,2.0,10.0,4.0,,0.0,6.0,7.0,,1.0,12.0,2.0,,0.0,2.0,7.0,,2.0,2.0,1.0,,0.0
1379,2007,DET,,,,,10.0,2.0,,1.0,7.0,4.0,,1.0,12.0,2.0,,1.0,9.0,2.0,,1.0,4.0,8.0,,2.0,10.0,2.0,,1.0,2.0,1.0,,0.0
1380,2007,EDM,,,,,5.0,8.0,,0.0,6.0,6.0,,1.0,5.0,6.0,,3.0,7.0,5.0,,1.0,7.0,5.0,,0.0,10.0,4.0,,1.0,1.0,1.0,,0.0
1381,2007,FLO,,,,,5.0,7.0,,0.0,7.0,6.0,,1.0,6.0,5.0,,2.0,4.0,7.0,,2.0,6.0,6.0,,3.0,8.0,3.0,,1.0,2.0,1.0,,0.0
1382,2007,LAK,1.0,1.0,,0.0,5.0,6.0,,0.0,4.0,6.0,,1.0,4.0,11.0,,1.0,7.0,5.0,,1.0,5.0,6.0,,1.0,5.0,6.0,,3.0,1.0,2.0,,0.0
1383,2007,MIN,,,,,7.0,3.0,,2.0,7.0,6.0,,0.0,8.0,6.0,,0.0,7.0,4.0,,1.0,7.0,5.0,,2.0,7.0,4.0,,4.0,1.0,0.0,,1.0
1384,2007,MTL,,,,,6.0,2.0,,3.0,7.0,7.0,,0.0,6.0,4.0,,4.0,8.0,2.0,,2.0,8.0,6.0,,0.0,9.0,4.0,,1.0,3.0,0.0,,0.0
1385,2007,NAS,,,,,4.0,7.0,,0.0,8.0,2.0,,2.0,6.0,9.0,,0.0,8.0,3.0,,3.0,6.0,4.0,,3.0,7.0,6.0,,1.0,2.0,1.0,,0.0
1386,2007,NJD,,,,,4.0,6.0,,1.0,9.0,4.0,,1.0,8.0,4.0,,1.0,7.0,5.0,,0.0,9.0,3.0,,3.0,6.0,6.0,,1.0,3.0,1.0,,0.0
1387,2007,NYI,,,,,5.0,4.0,,0.0,8.0,5.0,,1.0,7.0,7.0,,1.0,4.0,6.0,,4.0,7.0,5.0,,1.0,3.0,10.0,,1.0,1.0,1.0,,1.0
1388,2007,NYR,,,,,4.0,6.0,,1.0,10.0,3.0,,1.0,6.0,6.0,,2.0,5.0,7.0,,2.0,8.0,2.0,,2.0,8.0,3.0,,3.0,1.0,0.0,,2.0
1389,2007,OTT,,,,,9.0,1.0,,0.0,7.0,5.0,,2.0,9.0,3.0,,2.0,7.0,7.0,,0.0,4.0,7.0,,2.0,6.0,6.0,,2.0,1.0,2.0,,0.0
1390,2007,PHI,,,,,7.0,3.0,,0.0,7.0,5.0,,2.0,5.0,6.0,,2.0,9.0,3.0,,1.0,4.0,8.0,,2.0,8.0,3.0,,4.0,2.0,1.0,,0.0
1391,2007,PHO,,,,,4.0,6.0,,0.0,7.0,6.0,,0.0,7.0,6.0,,1.0,9.0,4.0,,1.0,6.0,5.0,,3.0,4.0,9.0,,1.0,1.0,1.0,,1.0
1392,2007,PIT,,,,,6.0,4.0,,1.0,5.0,7.0,,1.0,9.0,5.0,,0.0,8.0,3.0,,2.0,8.0,3.0,,3.0,10.0,4.0,,1.0,1.0,1.0,,0.0
1393,2007,SJS,,,,,6.0,5.0,,1.0,6.0,3.0,,3.0,10.0,4.0,,1.0,6.0,4.0,,2.0,7.0,5.0,,1.0,13.0,0.0,,2.0,1.0,2.0,,0.0
1394,2007,STL,,,,,6.0,4.0,,0.0,8.0,4.0,,1.0,5.0,6.0,,3.0,4.0,5.0,,3.0,5.0,7.0,,3.0,3.0,9.0,,2.0,2.0,1.0,,1.0
1395,2007,TBL,,,,,5.0,5.0,,1.0,5.0,8.0,,1.0,5.0,8.0,,1.0,6.0,5.0,,2.0,5.0,5.0,,2.0,5.0,8.0,,2.0,0.0,3.0,,0.0
1396,2007,TOR,,,,,5.0,5.0,,3.0,4.0,6.0,,3.0,6.0,5.0,,2.0,5.0,8.0,,1.0,8.0,4.0,,1.0,8.0,5.0,,0.0,0.0,2.0,,1.0
1397,2007,VAN,,,,,5.0,7.0,,0.0,9.0,2.0,,2.0,8.0,5.0,,2.0,4.0,7.0,,1.0,6.0,1.0,,5.0,7.0,8.0,,0.0,0.0,3.0,,0.0
1398,2007,WAS,,,,,5.0,6.0,,0.0,3.0,10.0,,2.0,7.0,3.0,,3.0,9.0,4.0,,0.0,6.0,4.0,,3.0,10.0,4.0,,0.0,3.0,0.0,,0.0
1399,2008,AND,,,,,6.0,5.0,,1.0,8.0,3.0,,2.0,5.0,7.0,,1.0,6.0,7.0,,1.0,6.0,6.0,,0.0,8.0,4.0,,1.0,3.0,1.0,,1.0
1400,2008,ATL,,,,,2.0,6.0,,2.0,6.0,6.0,,1.0,4.0,9.0,,2.0,5.0,8.0,,0.0,6.0,5.0,,1.0,9.0,4.0,,0.0,3.0,3.0,,0.0
1401,2008,BOS,,,,,5.0,3.0,,3.0,11.0,1.0,,1.0,12.0,1.0,,0.0,8.0,3.0,,2.0,6.0,4.0,,3.0,7.0,5.0,,1.0,4.0,2.0,,0.0
1402,2008,BUF,,,,,6.0,2.0,,2.0,5.0,7.0,,1.0,6.0,6.0,,2.0,9.0,4.0,,0.0,5.0,6.0,,2.0,6.0,5.0,,1.0,4.0,2.0,,1.0
1403,2008,CAL,,,,,6.0,3.0,,1.0,8.0,6.0,,0.0,8.0,2.0,,3.0,8.0,3.0,,0.0,7.0,4.0,,2.0,6.0,9.0,,0.0,3.0,3.0,,0.0
1404,2008,CAR,,,,,5.0,2.0,,2.0,7.0,9.0,,0.0,6.0,4.0,,3.0,7.0,6.0,,0.0,7.0,6.0,,0.0,10.0,1.0,,2.0,3.0,2.0,,0.0
1405,2008,CBS,,,,,4.0,6.0,,0.0,6.0,4.0,,3.0,7.0,6.0,,1.0,7.0,5.0,,1.0,7.0,4.0,,1.0,9.0,4.0,,2.0,1.0,2.0,,2.0
1406,2008,CHI,,,,,4.0,3.0,,3.0,6.0,3.0,,3.0,10.0,1.0,,1.0,7.0,6.0,,1.0,7.0,4.0,,1.0,6.0,7.0,,2.0,6.0,0.0,,1.0
1407,2008,COL,,,,,5.0,5.0,,0.0,6.0,7.0,,0.0,8.0,5.0,,1.0,4.0,9.0,,0.0,5.0,8.0,,0.0,3.0,9.0,,1.0,1.0,2.0,,3.0
1408,2008,DAL,,,,,4.0,5.0,,2.0,4.0,6.0,,2.0,8.0,4.0,,1.0,7.0,3.0,,2.0,6.0,7.0,,0.0,5.0,8.0,,3.0,2.0,2.0,,1.0
1409,2008,DET,,,,,7.0,2.0,,2.0,8.0,2.0,,2.0,9.0,3.0,,1.0,7.0,4.0,,2.0,10.0,3.0,,1.0,8.0,4.0,,1.0,2.0,3.0,,1.0
1410,2008,EDM,,,,,4.0,4.0,,1.0,6.0,7.0,,1.0,7.0,5.0,,1.0,8.0,4.0,,0.0,6.0,6.0,,2.0,5.0,6.0,,4.0,2.0,3.0,,0.0
1411,2008,FLO,,,,,4.0,5.0,,0.0,5.0,6.0,,3.0,7.0,5.0,,2.0,7.0,2.0,,3.0,8.0,5.0,,0.0,7.0,5.0,,3.0,3.0,2.0,,0.0
1412,2008,LAK,,,,,3.0,5.0,,1.0,7.0,4.0,,2.0,5.0,7.0,,3.0,5.0,5.0,,1.0,6.0,5.0,,2.0,5.0,8.0,,2.0,3.0,3.0,,0.0
1413,2008,MIN,,,,,6.0,2.0,,1.0,8.0,5.0,,0.0,4.0,9.0,,1.0,7.0,5.0,,1.0,5.0,5.0,,2.0,6.0,6.0,,4.0,4.0,1.0,,0.0
1414,2008,MTL,,,,,7.0,1.0,,1.0,6.0,5.0,,3.0,8.0,3.0,,2.0,7.0,6.0,,0.0,6.0,7.0,,1.0,5.0,5.0,,3.0,2.0,3.0,,1.0
1415,2008,NAS,,,,,5.0,4.0,,1.0,6.0,6.0,,1.0,6.0,6.0,,1.0,4.0,8.0,,0.0,10.0,4.0,,1.0,7.0,3.0,,4.0,2.0,3.0,,0.0
1416,2008,NJD,,,,,5.0,2.0,,2.0,7.0,6.0,,0.0,9.0,4.0,,1.0,11.0,3.0,,0.0,8.0,4.0,,0.0,7.0,6.0,,1.0,4.0,2.0,,0.0
1417,2008,NYI,,,,,2.0,6.0,,1.0,8.0,6.0,,1.0,2.0,10.0,,2.0,3.0,7.0,,1.0,4.0,7.0,,2.0,6.0,5.0,,2.0,1.0,6.0,,0.0
1418,2008,NYR,,,,,10.0,2.0,,1.0,7.0,6.0,,1.0,6.0,5.0,,1.0,6.0,5.0,,1.0,3.0,6.0,,4.0,8.0,4.0,,1.0,3.0,2.0,,0.0
1419,2008,OTT,,,,,4.0,5.0,,1.0,4.0,5.0,,3.0,5.0,7.0,,1.0,4.0,6.0,,2.0,6.0,5.0,,3.0,10.0,5.0,,0.0,3.0,2.0,,1.0
1420,2008,PHI,,,,,4.0,3.0,,3.0,7.0,4.0,,2.0,9.0,3.0,,2.0,6.0,4.0,,2.0,7.0,3.0,,1.0,8.0,7.0,,0.0,3.0,3.0,,1.0
1421,2008,PHO,,,,,4.0,4.0,,0.0,6.0,7.0,,2.0,8.0,4.0,,3.0,6.0,7.0,,0.0,3.0,9.0,,0.0,5.0,6.0,,2.0,4.0,2.0,,0.0
1422,2008,PIT,,,,,5.0,4.0,,2.0,9.0,2.0,,1.0,5.0,8.0,,1.0,5.0,8.0,,1.0,7.0,4.0,,1.0,10.0,1.0,,2.0,4.0,1.0,,1.0
1423,2008,SJS,,,,,9.0,2.0,,0.0,11.0,1.0,,1.0,8.0,1.0,,4.0,8.0,3.0,,0.0,6.0,3.0,,4.0,8.0,5.0,,2.0,3.0,3.0,,0.0
1424,2008,STL,,,,,5.0,4.0,,0.0,5.0,6.0,,2.0,4.0,10.0,,1.0,6.0,4.0,,1.0,8.0,2.0,,4.0,9.0,4.0,,1.0,4.0,1.0,,1.0
1425,2008,TBL,,,,,3.0,3.0,,3.0,3.0,7.0,,4.0,4.0,6.0,,3.0,7.0,7.0,,0.0,3.0,7.0,,2.0,4.0,6.0,,5.0,0.0,4.0,,1.0
1426,2008,TOR,,,,,4.0,3.0,,3.0,4.0,6.0,,3.0,7.0,7.0,,0.0,4.0,7.0,,2.0,6.0,3.0,,4.0,6.0,6.0,,1.0,3.0,3.0,,0.0
1427,2008,VAN,,,,,6.0,5.0,,0.0,8.0,3.0,,2.0,6.0,7.0,,1.0,2.0,5.0,,5.0,9.0,2.0,,0.0,11.0,3.0,,1.0,3.0,2.0,,1.0
1428,2008,WAS,,,,,5.0,3.0,,1.0,8.0,5.0,,2.0,11.0,3.0,,0.0,7.0,4.0,,1.0,9.0,3.0,,1.0,6.0,5.0,,2.0,4.0,1.0,,1.0
1429,2009,AND,,,,,4.0,6.0,,2.0,6.0,5.0,,2.0,6.0,6.0,,3.0,9.0,6.0,,0.0,5.0,2.0,,0.0,7.0,6.0,,1.0,2.0,1.0,,3.0
1430,2009,ATL,,,,,5.0,4.0,,1.0,9.0,3.0,,2.0,4.0,10.0,,1.0,6.0,5.0,,4.0,2.0,2.0,,2.0,8.0,7.0,,2.0,1.0,3.0,,1.0
1431,2009,BOS,,,,,6.0,5.0,,1.0,7.0,3.0,,4.0,7.0,4.0,,2.0,3.0,9.0,,2.0,4.0,1.0,,2.0,8.0,7.0,,1.0,4.0,1.0,,1.0
1432,2009,BUF,,,,,8.0,2.0,,1.0,7.0,5.0,,1.0,9.0,4.0,,2.0,8.0,3.0,,3.0,1.0,4.0,,2.0,10.0,5.0,,1.0,2.0,4.0,,0.0
1433,2009,CAL,,,,,7.0,4.0,,1.0,10.0,2.0,,2.0,6.0,6.0,,2.0,4.0,8.0,,3.0,3.0,3.0,,1.0,9.0,6.0,,0.0,1.0,3.0,,1.0
1434,2009,CAR,,,,,2.0,7.0,,3.0,3.0,10.0,,2.0,5.0,6.0,,2.0,9.0,5.0,,0.0,5.0,2.0,,0.0,9.0,5.0,,2.0,2.0,2.0,,1.0
1435,2009,CBS,,,,,6.0,5.0,,1.0,7.0,4.0,,3.0,2.0,9.0,,5.0,7.0,8.0,,0.0,3.0,2.0,,1.0,7.0,4.0,,3.0,0.0,3.0,,2.0
1436,2009,CHI,,,,,8.0,4.0,,1.0,8.0,2.0,,2.0,11.0,4.0,,0.0,10.0,4.0,,1.0,4.0,1.0,,1.0,6.0,7.0,,2.0,5.0,0.0,,1.0
1437,2009,COL,,,,,10.0,2.0,,2.0,5.0,6.0,,3.0,8.0,5.0,,1.0,7.0,5.0,,0.0,5.0,2.0,,0.0,6.0,8.0,,1.0,2.0,2.0,,2.0
1438,2009,DAL,,,,,6.0,3.0,,5.0,6.0,5.0,,2.0,6.0,3.0,,4.0,6.0,9.0,,0.0,4.0,1.0,,1.0,6.0,8.0,,2.0,3.0,2.0,,0.0
1439,2009,DET,,,,,5.0,4.0,,3.0,8.0,5.0,,1.0,7.0,5.0,,2.0,6.0,5.0,,4.0,2.0,2.0,,2.0,12.0,2.0,,1.0,4.0,1.0,,1.0
1440,2009,EDM,,,,,7.0,6.0,,1.0,3.0,7.0,,3.0,6.0,8.0,,0.0,0.0,10.0,,2.0,3.0,5.0,,0.0,5.0,9.0,,1.0,3.0,2.0,,1.0
1441,2009,FLO,,,,,4.0,7.0,,1.0,6.0,5.0,,3.0,6.0,6.0,,3.0,8.0,4.0,,2.0,0.0,5.0,,1.0,6.0,7.0,,2.0,2.0,3.0,,1.0
1442,2009,LAK,,,,,8.0,4.0,,2.0,7.0,6.0,,0.0,8.0,5.0,,1.0,10.0,4.0,,0.0,4.0,1.0,,1.0,6.0,7.0,,2.0,3.0,0.0,,3.0
1443,2009,MIN,,,,,5.0,9.0,,0.0,5.0,3.0,,3.0,10.0,6.0,,0.0,7.0,6.0,,1.0,3.0,3.0,,0.0,7.0,7.0,,2.0,1.0,2.0,,2.0
1444,2009,MTL,,,,,7.0,7.0,,0.0,5.0,5.0,,2.0,9.0,7.0,,1.0,4.0,6.0,,3.0,4.0,3.0,,0.0,8.0,4.0,,2.0,2.0,1.0,,2.0
1445,2009,NAS,,,,,6.0,6.0,,1.0,9.0,4.0,,0.0,9.0,4.0,,2.0,6.0,7.0,,0.0,3.0,2.0,,2.0,11.0,5.0,,1.0,3.0,1.0,,0.0
1446,2009,NJD,,,,,8.0,4.0,,0.0,9.0,2.0,,1.0,11.0,4.0,,0.0,7.0,7.0,,1.0,2.0,4.0,,1.0,7.0,5.0,,3.0,4.0,1.0,,1.0
1447,2009,NYI,,,,,4.0,4.0,,5.0,6.0,6.0,,2.0,6.0,8.0,,1.0,7.0,7.0,,0.0,2.0,4.0,,0.0,6.0,6.0,,2.0,3.0,2.0,,1.0
1448,2009,NYR,,,,,8.0,5.0,,1.0,5.0,8.0,,0.0,6.0,4.0,,3.0,6.0,7.0,,3.0,3.0,3.0,,0.0,6.0,5.0,,3.0,4.0,1.0,,1.0
1449,2009,OTT,,,,,6.0,4.0,,2.0,7.0,3.0,,2.0,8.0,9.0,,0.0,10.0,5.0,,0.0,5.0,2.0,,0.0,6.0,7.0,,1.0,2.0,2.0,,1.0
1450,2009,PHI,,,,,6.0,4.0,,1.0,7.0,6.0,,0.0,6.0,8.0,,1.0,8.0,5.0,,1.0,5.0,2.0,,0.0,6.0,7.0,,3.0,3.0,3.0,,0.0
1451,2009,PHO,,,,,9.0,4.0,,0.0,6.0,7.0,,1.0,10.0,2.0,,3.0,8.0,5.0,,1.0,4.0,3.0,,0.0,10.0,4.0,,1.0,3.0,0.0,,1.0
1452,2009,PIT,,,,,11.0,3.0,,0.0,8.0,6.0,,0.0,7.0,5.0,,1.0,8.0,7.0,,0.0,2.0,1.0,,3.0,8.0,4.0,,3.0,3.0,2.0,,0.0
1453,2009,SJS,,,,,9.0,4.0,,1.0,9.0,2.0,,3.0,8.0,2.0,,3.0,10.0,2.0,,2.0,4.0,3.0,,0.0,7.0,7.0,,1.0,4.0,0.0,,1.0
1454,2009,STL,,,,,5.0,6.0,,1.0,5.0,4.0,,4.0,7.0,7.0,,1.0,7.0,5.0,,3.0,4.0,3.0,,0.0,9.0,5.0,,0.0,3.0,2.0,,1.0
1455,2009,TBL,,,,,4.0,3.0,,4.0,6.0,4.0,,4.0,5.0,8.0,,2.0,7.0,6.0,,1.0,4.0,3.0,,0.0,5.0,10.0,,1.0,3.0,2.0,,0.0
1456,2009,TOR,,,,,1.0,7.0,,4.0,5.0,5.0,,3.0,8.0,6.0,,2.0,3.0,10.0,,2.0,2.0,3.0,,0.0,9.0,5.0,,2.0,2.0,2.0,,1.0
1457,2009,VAN,,,,,7.0,7.0,,0.0,7.0,5.0,,0.0,10.0,4.0,,1.0,10.0,2.0,,1.0,3.0,4.0,,0.0,9.0,4.0,,2.0,3.0,2.0,,1.0
1458,2009,WAS,,,,,8.0,2.0,,3.0,8.0,3.0,,3.0,8.0,5.0,,0.0,13.0,2.0,,0.0,4.0,1.0,,2.0,8.0,2.0,,4.0,5.0,0.0,,1.0
1459,2010,AND,,,,,4.0,7.0,,1.0,8.0,4.0,,2.0,8.0,6.0,,1.0,8.0,3.0,,0.0,5.0,5.0,,1.0,11.0,3.0,,0.0,3.0,2.0,,0.0
1460,2010,ATL,,,,,5.0,4.0,,2.0,8.0,5.0,,1.0,7.0,6.0,,3.0,4.0,4.0,,3.0,2.0,7.0,,2.0,7.0,6.0,,1.0,1.0,4.0,,0.0
1461,2010,BOS,,,,,6.0,2.0,,0.0,6.0,6.0,,2.0,8.0,3.0,,3.0,8.0,4.0,,2.0,8.0,4.0,,0.0,7.0,4.0,,4.0,3.0,2.0,,0.0
1462,2010,BUF,,,,,3.0,7.0,,2.0,6.0,6.0,,1.0,6.0,5.0,,1.0,8.0,3.0,,1.0,6.0,4.0,,2.0,10.0,4.0,,2.0,4.0,0.0,,1.0
1463,2010,CAL,,,,,6.0,5.0,,0.0,4.0,7.0,,2.0,7.0,6.0,,1.0,7.0,3.0,,3.0,8.0,2.0,,3.0,6.0,6.0,,2.0,3.0,0.0,,1.0
1464,2010,CAR,,,,,5.0,5.0,,0.0,5.0,6.0,,3.0,7.0,4.0,,1.0,8.0,4.0,,2.0,4.0,6.0,,3.0,8.0,5.0,,1.0,3.0,1.0,,1.0
1465,2010,CBS,,,,,6.0,4.0,,0.0,8.0,4.0,,0.0,6.0,7.0,,3.0,3.0,6.0,,2.0,8.0,3.0,,1.0,3.0,7.0,,6.0,0.0,4.0,,1.0
1466,2010,CHI,,,,,7.0,5.0,,1.0,7.0,6.0,,1.0,6.0,5.0,,1.0,6.0,4.0,,1.0,8.0,3.0,,2.0,7.0,4.0,,2.0,3.0,2.0,,1.0
1467,2010,COL,,,,,6.0,4.0,,1.0,7.0,5.0,,1.0,7.0,4.0,,3.0,5.0,6.0,,1.0,1.0,11.0,,1.0,2.0,10.0,,1.0,2.0,4.0,,0.0
1468,2010,DAL,,,,,6.0,4.0,,0.0,8.0,4.0,,1.0,8.0,5.0,,3.0,8.0,2.0,,1.0,3.0,8.0,,1.0,5.0,4.0,,5.0,4.0,2.0,,0.0
1469,2010,DET,,,,,6.0,2.0,,1.0,10.0,2.0,,1.0,8.0,5.0,,3.0,6.0,4.0,,1.0,9.0,5.0,,0.0,5.0,5.0,,4.0,3.0,2.0,,0.0
1470,2010,EDM,,,,,3.0,4.0,,2.0,4.0,8.0,,2.0,5.0,5.0,,3.0,3.0,9.0,,1.0,5.0,9.0,,0.0,3.0,8.0,,3.0,2.0,2.0,,1.0
1471,2010,FLO,,,,,4.0,5.0,,0.0,6.0,7.0,,0.0,6.0,5.0,,2.0,6.0,5.0,,3.0,4.0,7.0,,2.0,3.0,8.0,,5.0,1.0,3.0,,0.0
1472,2010,LAK,,,,,8.0,3.0,,0.0,5.0,7.0,,0.0,9.0,4.0,,1.0,5.0,8.0,,0.0,8.0,2.0,,3.0,9.0,3.0,,2.0,2.0,3.0,,0.0
1473,2010,MIN,,,,,4.0,4.0,,2.0,7.0,6.0,,0.0,6.0,5.0,,3.0,8.0,4.0,,0.0,8.0,5.0,,1.0,4.0,8.0,,2.0,2.0,3.0,,0.0
1474,2010,MTL,,,,,7.0,3.0,,1.0,8.0,5.0,,0.0,6.0,8.0,,1.0,6.0,2.0,,3.0,6.0,5.0,,2.0,8.0,7.0,,0.0,3.0,0.0,,1.0
1475,2010,NAS,,,,,5.0,2.0,,3.0,5.0,6.0,,2.0,8.0,5.0,,1.0,9.0,4.0,,0.0,5.0,6.0,,2.0,10.0,3.0,,2.0,2.0,1.0,,1.0
1476,2010,NJD,,,,,3.0,8.0,,1.0,5.0,6.0,,1.0,2.0,11.0,,0.0,6.0,5.0,,1.0,11.0,1.0,,1.0,8.0,5.0,,1.0,3.0,3.0,,0.0
1477,2010,NYI,,,,,4.0,5.0,,2.0,1.0,7.0,,3.0,6.0,7.0,,1.0,4.0,8.0,,1.0,8.0,5.0,,1.0,7.0,4.0,,4.0,0.0,3.0,,1.0
1478,2010,NYR,,,,,5.0,4.0,,1.0,9.0,7.0,,0.0,8.0,3.0,,1.0,7.0,6.0,,1.0,4.0,7.0,,1.0,8.0,5.0,,1.0,3.0,1.0,,0.0
1479,2010,OTT,,,,,4.0,6.0,,1.0,7.0,7.0,,0.0,5.0,5.0,,4.0,1.0,7.0,,3.0,4.0,7.0,,1.0,9.0,6.0,,1.0,2.0,2.0,,0.0
1480,2010,PHI,,,,,6.0,4.0,,1.0,9.0,2.0,,3.0,8.0,4.0,,1.0,10.0,2.0,,0.0,7.0,4.0,,1.0,6.0,5.0,,4.0,1.0,2.0,,2.0
1481,2010,PHO,,,,,3.0,4.0,,3.0,8.0,3.0,,2.0,6.0,6.0,,2.0,8.0,4.0,,2.0,8.0,4.0,,1.0,9.0,4.0,,1.0,1.0,1.0,,2.0
1482,2010,PIT,,,,,6.0,5.0,,1.0,10.0,3.0,,1.0,9.0,3.0,,1.0,6.0,4.0,,1.0,6.0,6.0,,2.0,8.0,4.0,,2.0,4.0,0.0,,0.0
1483,2010,SJS,,,,,5.0,3.0,,1.0,6.0,5.0,,3.0,9.0,5.0,,1.0,5.0,6.0,,1.0,11.0,2.0,,0.0,9.0,2.0,,3.0,3.0,2.0,,0.0
1484,2010,STL,,,,,6.0,1.0,,2.0,6.0,7.0,,1.0,8.0,4.0,,2.0,2.0,8.0,,2.0,6.0,5.0,,2.0,7.0,7.0,,1.0,3.0,1.0,,1.0
1485,2010,TBL,,,,,7.0,2.0,,1.0,7.0,6.0,,2.0,8.0,3.0,,2.0,9.0,4.0,,0.0,6.0,3.0,,2.0,5.0,6.0,,4.0,4.0,1.0,,0.0
1486,2010,TOR,,,,,5.0,4.0,,1.0,3.0,7.0,,3.0,5.0,8.0,,0.0,6.0,6.0,,1.0,8.0,2.0,,4.0,9.0,5.0,,1.0,1.0,2.0,,1.0
1487,2010,VAN,,,,,4.0,3.0,,2.0,8.0,4.0,,1.0,11.0,1.0,,2.0,8.0,2.0,,4.0,8.0,5.0,,0.0,13.0,2.0,,0.0,2.0,2.0,,0.0
1488,2010,WAS,,,,,7.0,4.0,,0.0,10.0,2.0,,2.0,5.0,6.0,,3.0,5.0,3.0,,4.0,6.0,5.0,,1.0,12.0,2.0,,1.0,3.0,1.0,,0.0
1489,2011,AND,,,,,5.0,5.0,,1.0,2.0,8.0,,3.0,3.0,8.0,,2.0,9.0,2.0,,1.0,8.0,4.0,,3.0,6.0,7.0,,1.0,1.0,2.0,,1.0
1490,2011,BOS,,,,,3.0,7.0,,0.0,12.0,0.0,,1.0,9.0,3.0,,0.0,8.0,4.0,,1.0,5.0,7.0,,1.0,9.0,7.0,,1.0,3.0,1.0,,0.0
1491,2011,BUF,,,,,6.0,4.0,,0.0,7.0,6.0,,1.0,4.0,7.0,,3.0,4.0,7.0,,1.0,7.0,3.0,,3.0,10.0,4.0,,2.0,1.0,1.0,,1.0
1492,2011,CAL,,,,,4.0,4.0,,1.0,6.0,8.0,,0.0,8.0,4.0,,4.0,5.0,6.0,,1.0,5.0,2.0,,5.0,7.0,5.0,,5.0,2.0,0.0,,0.0
1493,2011,CAR,,,,,4.0,4.0,,3.0,4.0,10.0,,1.0,5.0,7.0,,2.0,5.0,4.0,,3.0,6.0,1.0,,4.0,7.0,6.0,,3.0,2.0,1.0,,0.0
1494,2011,CBS,,,,,2.0,9.0,,1.0,4.0,6.0,,2.0,4.0,8.0,,2.0,3.0,8.0,,1.0,5.0,7.0,,1.0,9.0,7.0,,0.0,2.0,1.0,,0.0
1495,2011,CHI,,,,,7.0,2.0,,2.0,7.0,6.0,,1.0,10.0,2.0,,1.0,5.0,5.0,,3.0,5.0,9.0,,0.0,10.0,2.0,,2.0,1.0,0.0,,2.0
1496,2011,COL,,,,,7.0,4.0,,0.0,4.0,9.0,,1.0,10.0,5.0,,0.0,5.0,6.0,,1.0,7.0,3.0,,2.0,8.0,6.0,,2.0,0.0,2.0,,0.0
1497,2011,DAL,,,,,8.0,3.0,,0.0,6.0,6.0,,1.0,7.0,6.0,,0.0,4.0,6.0,,1.0,8.0,5.0,,3.0,9.0,6.0,,0.0,0.0,3.0,,0.0
1498,2011,DET,,,,,5.0,4.0,,0.0,10.0,3.0,,1.0,9.0,6.0,,0.0,10.0,3.0,,0.0,8.0,3.0,,2.0,4.0,8.0,,2.0,2.0,1.0,,1.0
1499,2011,EDM,,,,,7.0,2.0,,2.0,5.0,8.0,,1.0,3.0,9.0,,0.0,4.0,7.0,,2.0,6.0,6.0,,1.0,6.0,6.0,,3.0,1.0,2.0,,1.0
1500,2011,FLO,,,,,6.0,4.0,,1.0,7.0,3.0,,3.0,7.0,5.0,,3.0,2.0,3.0,,4.0,8.0,5.0,,1.0,7.0,5.0,,4.0,1.0,1.0,,2.0
1501,2011,LAK,,,,,6.0,3.0,,2.0,6.0,5.0,,2.0,7.0,6.0,,2.0,5.0,2.0,,4.0,5.0,7.0,,2.0,10.0,4.0,,1.0,1.0,0.0,,2.0
1502,2011,MIN,,,,,4.0,3.0,,3.0,11.0,4.0,,0.0,6.0,6.0,,3.0,3.0,6.0,,1.0,4.0,7.0,,2.0,5.0,9.0,,1.0,2.0,1.0,,1.0
1503,2011,MTL,,,,,4.0,5.0,,2.0,6.0,6.0,,2.0,4.0,7.0,,3.0,5.0,4.0,,2.0,5.0,8.0,,1.0,5.0,5.0,,5.0,2.0,0.0,,1.0
1504,2011,NAS,,,,,5.0,4.0,,2.0,6.0,5.0,,2.0,9.0,5.0,,0.0,11.0,2.0,,0.0,6.0,4.0,,3.0,8.0,6.0,,1.0,3.0,0.0,,0.0
1505,2011,NJD,,,,,4.0,4.0,,1.0,8.0,6.0,,0.0,9.0,5.0,,0.0,6.0,4.0,,2.0,8.0,4.0,,1.0,10.0,5.0,,2.0,3.0,0.0,,0.0
1506,2011,NYI,,,,,3.0,4.0,,2.0,4.0,7.0,,2.0,6.0,6.0,,2.0,7.0,5.0,,1.0,6.0,6.0,,2.0,7.0,6.0,,2.0,1.0,3.0,,0.0
1507,2011,NYR,,,,,4.0,3.0,,3.0,9.0,2.0,,0.0,10.0,4.0,,1.0,8.0,3.0,,1.0,9.0,3.0,,1.0,10.0,6.0,,1.0,1.0,3.0,,0.0
1508,2011,OTT,,,,,7.0,5.0,,0.0,5.0,5.0,,2.0,7.0,5.0,,3.0,8.0,5.0,,1.0,7.0,3.0,,2.0,6.0,5.0,,2.0,1.0,3.0,,0.0
1509,2011,PHI,,,,,6.0,4.0,,1.0,7.0,3.0,,2.0,9.0,3.0,,1.0,7.0,4.0,,2.0,5.0,7.0,,1.0,11.0,3.0,,2.0,2.0,2.0,,0.0
1510,2011,PHO,,,,,5.0,3.0,,2.0,8.0,4.0,,1.0,6.0,9.0,,1.0,3.0,5.0,,4.0,11.0,0.0,,1.0,6.0,6.0,,4.0,3.0,0.0,,0.0
1511,2011,PIT,,,,,8.0,3.0,,2.0,6.0,4.0,,2.0,7.0,6.0,,0.0,8.0,4.0,,0.0,8.0,4.0,,1.0,11.0,3.0,,1.0,3.0,1.0,,0.0
1512,2011,SJS,,,,,6.0,4.0,,0.0,7.0,3.0,,1.0,6.0,4.0,,3.0,9.0,3.0,,2.0,5.0,8.0,,1.0,7.0,7.0,,3.0,3.0,0.0,,0.0
1513,2011,STL,,,,,5.0,6.0,,0.0,9.0,2.0,,2.0,7.0,4.0,,3.0,8.0,1.0,,2.0,11.0,4.0,,0.0,8.0,4.0,,3.0,1.0,1.0,,1.0
1514,2011,TBL,,,,,5.0,4.0,,2.0,6.0,7.0,,0.0,6.0,6.0,,1.0,5.0,6.0,,1.0,7.0,5.0,,2.0,7.0,7.0,,1.0,2.0,1.0,,1.0
1515,2011,TOR,,,,,7.0,3.0,,1.0,7.0,6.0,,1.0,4.0,6.0,,3.0,7.0,4.0,,1.0,4.0,9.0,,1.0,5.0,8.0,,2.0,1.0,1.0,,1.0
1516,2011,VAN,,,,,5.0,5.0,,1.0,9.0,4.0,,0.0,10.0,4.0,,1.0,7.0,2.0,,2.0,9.0,1.0,,4.0,9.0,5.0,,1.0,2.0,1.0,,0.0
1517,2011,WAS,,,,,7.0,2.0,,0.0,5.0,8.0,,1.0,8.0,5.0,,1.0,6.0,4.0,,2.0,6.0,7.0,,1.0,8.0,5.0,,3.0,2.0,1.0,,0.0
1518,2011,WPG,,,,,4.0,6.0,,1.0,5.0,5.0,,3.0,10.0,3.0,,1.0,4.0,8.0,,1.0,7.0,5.0,,2.0,6.0,7.0,,1.0,1.0,1.0,,1.0
